asset,part_id,registry_id,part_name,variant,category,group,grid,size_cells_WxHxD,dims_m_WxHxD,tier,art_set,complexity,mass_kg,hp,power_kw,recipe,lod0_tris,lod1_tris,lod2_tris,lod3_tris,build_stages,collision_max_hulls,texture_strategy,texel_density_px_m,mount_faces,airtight_faces,sockets,moving_parts,emissive,debris_set,blend_path,export_path,status,owner,notes
SM_STR_ArmorBlock_Light_LG,STR-001,block.structure.armor_block,Armor Block,Light,STR,Armor,LG,1×1×1,2.50x2.50x2.50,T1,IND,S,500,1500,0,steel_plate:25,800,400,160,48,2,2,Shared trim sheet only (no unique maps),512,front back left right top bottom,front back left right top bottom,,,,S,assets/parts/structure/SM_STR_ArmorBlock_Light_LG.blend,export/parts/structure/SM_STR_ArmorBlock_Light_LG.fbx,Not started,,The workhorse. Panel seams every 0.625 m (LG) / 0.125 m (SG) so neighbours read as one continuous hull. All six faces identical so rotation never shows. Deformation: vertex-shader dents driven by the damage texture; no separate damaged mesh.
SM_STR_ArmorBlock_Light_SG,STR-001,block.structure.armor_block,Armor Block,Light,STR,Armor,SG,1×1×1,0.50x0.50x0.50,T1,IND,S,20,60,0,steel_plate:1,300,150,60,18,2,2,Shared trim sheet only (no unique maps),1024,front back left right top bottom,front back left right top bottom,,,,XS,assets/parts/structure/SM_STR_ArmorBlock_Light_SG.blend,export/parts/structure/SM_STR_ArmorBlock_Light_SG.fbx,Not started,,The workhorse. Panel seams every 0.625 m (LG) / 0.125 m (SG) so neighbours read as one continuous hull. All six faces identical so rotation never shows. Deformation: vertex-shader dents driven by the damage texture; no separate damaged mesh.
SM_STR_ArmorBlock_Heavy_LG,STR-001,block.structure.armor_block,Armor Block,Heavy,STR,Armor,LG,1×1×1,2.50x2.50x2.50,T2,IND,S,3300,6495,0,steel_plate:150; metal_grid:50,800,400,160,48,2,2,Shared trim sheet only (no unique maps),512,front back left right top bottom,front back left right top bottom,,,,S,assets/parts/structure/SM_STR_ArmorBlock_Heavy_LG.blend,export/parts/structure/SM_STR_ArmorBlock_Heavy_LG.fbx,Not started,,The workhorse. Panel seams every 0.625 m (LG) / 0.125 m (SG) so neighbours read as one continuous hull. All six faces identical so rotation never shows. Deformation: vertex-shader dents driven by the damage texture; no separate damaged mesh.
SM_STR_ArmorBlock_Heavy_SG,STR-001,block.structure.armor_block,Armor Block,Heavy,STR,Armor,SG,1×1×1,0.50x0.50x0.50,T2,IND,S,132,260,0,steel_plate:5; metal_grid:1,300,150,60,18,2,2,Shared trim sheet only (no unique maps),1024,front back left right top bottom,front back left right top bottom,,,,XS,assets/parts/structure/SM_STR_ArmorBlock_Heavy_SG.blend,export/parts/structure/SM_STR_ArmorBlock_Heavy_SG.fbx,Not started,,The workhorse. Panel seams every 0.625 m (LG) / 0.125 m (SG) so neighbours read as one continuous hull. All six faces identical so rotation never shows. Deformation: vertex-shader dents driven by the damage texture; no separate damaged mesh.
SM_STR_ArmorSlope_Light_LG,STR-002,block.structure.armor_slope,Armor Slope,Light,STR,Armor,LG,1×1×1,2.50x2.50x2.50,T1,IND,S,250,750,0,steel_plate:12,800,400,160,48,2,2,Shared trim sheet only (no unique maps),512,back bottom left right,front back left right top bottom,,,,S,assets/parts/structure/SM_STR_ArmorSlope_Light_LG.blend,export/parts/structure/SM_STR_ArmorSlope_Light_LG.fbx,Not started,,45° face from front-bottom edge to back-top edge. Side faces are right triangles; keep seam lines matching the Block's. Deformation: vertex-shader dents driven by the damage texture; no separate damaged mesh.
SM_STR_ArmorSlope_Light_SG,STR-002,block.structure.armor_slope,Armor Slope,Light,STR,Armor,SG,1×1×1,0.50x0.50x0.50,T1,IND,S,10,30,0,steel_plate:1,300,150,60,18,2,2,Shared trim sheet only (no unique maps),1024,back bottom left right,front back left right top bottom,,,,XS,assets/parts/structure/SM_STR_ArmorSlope_Light_SG.blend,export/parts/structure/SM_STR_ArmorSlope_Light_SG.fbx,Not started,,45° face from front-bottom edge to back-top edge. Side faces are right triangles; keep seam lines matching the Block's. Deformation: vertex-shader dents driven by the damage texture; no separate damaged mesh.
SM_STR_ArmorSlope_Heavy_LG,STR-002,block.structure.armor_slope,Armor Slope,Heavy,STR,Armor,LG,1×1×1,2.50x2.50x2.50,T2,IND,S,1650,3248,0,steel_plate:75; metal_grid:25,800,400,160,48,2,2,Shared trim sheet only (no unique maps),512,back bottom left right,front back left right top bottom,,,,S,assets/parts/structure/SM_STR_ArmorSlope_Heavy_LG.blend,export/parts/structure/SM_STR_ArmorSlope_Heavy_LG.fbx,Not started,,45° face from front-bottom edge to back-top edge. Side faces are right triangles; keep seam lines matching the Block's. Deformation: vertex-shader dents driven by the damage texture; no separate damaged mesh.
SM_STR_ArmorSlope_Heavy_SG,STR-002,block.structure.armor_slope,Armor Slope,Heavy,STR,Armor,SG,1×1×1,0.50x0.50x0.50,T2,IND,S,66,130,0,steel_plate:2; metal_grid:1,300,150,60,18,2,2,Shared trim sheet only (no unique maps),1024,back bottom left right,front back left right top bottom,,,,XS,assets/parts/structure/SM_STR_ArmorSlope_Heavy_SG.blend,export/parts/structure/SM_STR_ArmorSlope_Heavy_SG.fbx,Not started,,45° face from front-bottom edge to back-top edge. Side faces are right triangles; keep seam lines matching the Block's. Deformation: vertex-shader dents driven by the damage texture; no separate damaged mesh.
SM_STR_ArmorCorner_Light_LG,STR-003,block.structure.armor_corner,Armor Corner,Light,STR,Armor,LG,1×1×1,2.50x2.50x2.50,T1,IND,S,85,255,0,steel_plate:4,800,400,160,48,2,2,Shared trim sheet only (no unique maps),512,back bottom right,front back left right top bottom,,,,S,assets/parts/structure/SM_STR_ArmorCorner_Light_LG.blend,export/parts/structure/SM_STR_ArmorCorner_Light_LG.fbx,Not started,,Tetrahedron filling one corner. Pairs with Slope; the three open edges need 2 mm bevel continuity. Deformation: vertex-shader dents driven by the damage texture; no separate damaged mesh.
SM_STR_ArmorCorner_Light_SG,STR-003,block.structure.armor_corner,Armor Corner,Light,STR,Armor,SG,1×1×1,0.50x0.50x0.50,T1,IND,S,3.0,10,0,steel_plate:1,300,150,60,18,2,2,Shared trim sheet only (no unique maps),1024,back bottom right,front back left right top bottom,,,,XS,assets/parts/structure/SM_STR_ArmorCorner_Light_SG.blend,export/parts/structure/SM_STR_ArmorCorner_Light_SG.fbx,Not started,,Tetrahedron filling one corner. Pairs with Slope; the three open edges need 2 mm bevel continuity. Deformation: vertex-shader dents driven by the damage texture; no separate damaged mesh.
SM_STR_ArmorCorner_Heavy_LG,STR-003,block.structure.armor_corner,Armor Corner,Heavy,STR,Armor,LG,1×1×1,2.50x2.50x2.50,T2,IND,S,561,1104,0,steel_plate:26; metal_grid:8,800,400,160,48,2,2,Shared trim sheet only (no unique maps),512,back bottom right,front back left right top bottom,,,,S,assets/parts/structure/SM_STR_ArmorCorner_Heavy_LG.blend,export/parts/structure/SM_STR_ArmorCorner_Heavy_LG.fbx,Not started,,Tetrahedron filling one corner. Pairs with Slope; the three open edges need 2 mm bevel continuity. Deformation: vertex-shader dents driven by the damage texture; no separate damaged mesh.
SM_STR_ArmorCorner_Heavy_SG,STR-003,block.structure.armor_corner,Armor Corner,Heavy,STR,Armor,SG,1×1×1,0.50x0.50x0.50,T2,IND,S,20,43,0,steel_plate:1; metal_grid:1,300,150,60,18,2,2,Shared trim sheet only (no unique maps),1024,back bottom right,front back left right top bottom,,,,XS,assets/parts/structure/SM_STR_ArmorCorner_Heavy_SG.blend,export/parts/structure/SM_STR_ArmorCorner_Heavy_SG.fbx,Not started,,Tetrahedron filling one corner. Pairs with Slope; the three open edges need 2 mm bevel continuity. Deformation: vertex-shader dents driven by the damage texture; no separate damaged mesh.
SM_STR_ArmorInvertedCorner_Light_LG,STR-004,block.structure.armor_inverted_corner,Armor Inverted Corner,Light,STR,Armor,LG,1×1×1,2.50x2.50x2.50,T1,IND,S,415,1245,0,steel_plate:21,800,400,160,48,2,2,Shared trim sheet only (no unique maps),512,front back left right top bottom,front back left right top bottom,,,,S,assets/parts/structure/SM_STR_ArmorInvertedCorner_Light_LG.blend,export/parts/structure/SM_STR_ArmorInvertedCorner_Light_LG.fbx,Not started,,Cube with one corner cut by a plane through three adjacent vertices. Used to close Slope junctions. Deformation: vertex-shader dents driven by the damage texture; no separate damaged mesh.
SM_STR_ArmorInvertedCorner_Light_SG,STR-004,block.structure.armor_inverted_corner,Armor Inverted Corner,Light,STR,Armor,SG,1×1×1,0.50x0.50x0.50,T1,IND,S,17,50,0,steel_plate:1,300,150,60,18,2,2,Shared trim sheet only (no unique maps),1024,front back left right top bottom,front back left right top bottom,,,,XS,assets/parts/structure/SM_STR_ArmorInvertedCorner_Light_SG.blend,export/parts/structure/SM_STR_ArmorInvertedCorner_Light_SG.fbx,Not started,,Cube with one corner cut by a plane through three adjacent vertices. Used to close Slope junctions. Deformation: vertex-shader dents driven by the damage texture; no separate damaged mesh.
SM_STR_ArmorInvertedCorner_Heavy_LG,STR-004,block.structure.armor_inverted_corner,Armor Inverted Corner,Heavy,STR,Armor,LG,1×1×1,2.50x2.50x2.50,T2,IND,S,2739,5391,0,steel_plate:124; metal_grid:42,800,400,160,48,2,2,Shared trim sheet only (no unique maps),512,front back left right top bottom,front back left right top bottom,,,,S,assets/parts/structure/SM_STR_ArmorInvertedCorner_Heavy_LG.blend,export/parts/structure/SM_STR_ArmorInvertedCorner_Heavy_LG.fbx,Not started,,Cube with one corner cut by a plane through three adjacent vertices. Used to close Slope junctions. Deformation: vertex-shader dents driven by the damage texture; no separate damaged mesh.
SM_STR_ArmorInvertedCorner_Heavy_SG,STR-004,block.structure.armor_inverted_corner,Armor Inverted Corner,Heavy,STR,Armor,SG,1×1×1,0.50x0.50x0.50,T2,IND,S,112,216,0,steel_plate:4; metal_grid:1,300,150,60,18,2,2,Shared trim sheet only (no unique maps),1024,front back left right top bottom,front back left right top bottom,,,,XS,assets/parts/structure/SM_STR_ArmorInvertedCorner_Heavy_SG.blend,export/parts/structure/SM_STR_ArmorInvertedCorner_Heavy_SG.fbx,Not started,,Cube with one corner cut by a plane through three adjacent vertices. Used to close Slope junctions. Deformation: vertex-shader dents driven by the damage texture; no separate damaged mesh.
SM_STR_ArmorHalfBlock_Light_LG,STR-005,block.structure.armor_half_block,Armor Half Block,Light,STR,Armor,LG,1×1×1,2.50x2.50x2.50,T1,IND,S,250,750,0,steel_plate:12,800,400,160,48,2,2,Shared trim sheet only (no unique maps),512,front back left right top bottom,front back left right top bottom,,,,S,assets/parts/structure/SM_STR_ArmorHalfBlock_Light_LG.blend,export/parts/structure/SM_STR_ArmorHalfBlock_Light_LG.fbx,Not started,,"Bottom half of the cell (0–50% height). Top face gets the full-panel trim, not a cut edge. Deformation: vertex-shader dents driven by the damage texture; no separate damaged mesh."
SM_STR_ArmorHalfBlock_Light_SG,STR-005,block.structure.armor_half_block,Armor Half Block,Light,STR,Armor,SG,1×1×1,0.50x0.50x0.50,T1,IND,S,10,30,0,steel_plate:1,300,150,60,18,2,2,Shared trim sheet only (no unique maps),1024,front back left right top bottom,front back left right top bottom,,,,XS,assets/parts/structure/SM_STR_ArmorHalfBlock_Light_SG.blend,export/parts/structure/SM_STR_ArmorHalfBlock_Light_SG.fbx,Not started,,"Bottom half of the cell (0–50% height). Top face gets the full-panel trim, not a cut edge. Deformation: vertex-shader dents driven by the damage texture; no separate damaged mesh."
SM_STR_ArmorHalfBlock_Heavy_LG,STR-005,block.structure.armor_half_block,Armor Half Block,Heavy,STR,Armor,LG,1×1×1,2.50x2.50x2.50,T2,IND,S,1650,3248,0,steel_plate:75; metal_grid:25,800,400,160,48,2,2,Shared trim sheet only (no unique maps),512,front back left right top bottom,front back left right top bottom,,,,S,assets/parts/structure/SM_STR_ArmorHalfBlock_Heavy_LG.blend,export/parts/structure/SM_STR_ArmorHalfBlock_Heavy_LG.fbx,Not started,,"Bottom half of the cell (0–50% height). Top face gets the full-panel trim, not a cut edge. Deformation: vertex-shader dents driven by the damage texture; no separate damaged mesh."
SM_STR_ArmorHalfBlock_Heavy_SG,STR-005,block.structure.armor_half_block,Armor Half Block,Heavy,STR,Armor,SG,1×1×1,0.50x0.50x0.50,T2,IND,S,66,130,0,steel_plate:2; metal_grid:1,300,150,60,18,2,2,Shared trim sheet only (no unique maps),1024,front back left right top bottom,front back left right top bottom,,,,XS,assets/parts/structure/SM_STR_ArmorHalfBlock_Heavy_SG.blend,export/parts/structure/SM_STR_ArmorHalfBlock_Heavy_SG.fbx,Not started,,"Bottom half of the cell (0–50% height). Top face gets the full-panel trim, not a cut edge. Deformation: vertex-shader dents driven by the damage texture; no separate damaged mesh."
SM_STR_ArmorSlope2x1Base_Light_LG,STR-006,block.structure.armor_slope_2x1_base,Armor Slope 2×1 Base,Light,STR,Armor,LG,1×1×1,2.50x2.50x2.50,T1,IND,S,375,1125,0,steel_plate:19,800,400,160,48,2,2,Shared trim sheet only (no unique maps),512,back bottom left right,front back left right top bottom,,,,S,assets/parts/structure/SM_STR_ArmorSlope2x1Base_Light_LG.blend,export/parts/structure/SM_STR_ArmorSlope2x1Base_Light_LG.fbx,Not started,,Lower half of a 2-cell-long 26.6° slope (rises 0.5 cell over 1). Front edge sits at 50% height to meet the Tip. Deformation: vertex-shader dents driven by the damage texture; no separate damaged mesh.
SM_STR_ArmorSlope2x1Base_Light_SG,STR-006,block.structure.armor_slope_2x1_base,Armor Slope 2×1 Base,Light,STR,Armor,SG,1×1×1,0.50x0.50x0.50,T1,IND,S,15,45,0,steel_plate:1,300,150,60,18,2,2,Shared trim sheet only (no unique maps),1024,back bottom left right,front back left right top bottom,,,,XS,assets/parts/structure/SM_STR_ArmorSlope2x1Base_Light_SG.blend,export/parts/structure/SM_STR_ArmorSlope2x1Base_Light_SG.fbx,Not started,,Lower half of a 2-cell-long 26.6° slope (rises 0.5 cell over 1). Front edge sits at 50% height to meet the Tip. Deformation: vertex-shader dents driven by the damage texture; no separate damaged mesh.
SM_STR_ArmorSlope2x1Base_Heavy_LG,STR-006,block.structure.armor_slope_2x1_base,Armor Slope 2×1 Base,Heavy,STR,Armor,LG,1×1×1,2.50x2.50x2.50,T2,IND,S,2475,4871,0,steel_plate:112; metal_grid:38,800,400,160,48,2,2,Shared trim sheet only (no unique maps),512,back bottom left right,front back left right top bottom,,,,S,assets/parts/structure/SM_STR_ArmorSlope2x1Base_Heavy_LG.blend,export/parts/structure/SM_STR_ArmorSlope2x1Base_Heavy_LG.fbx,Not started,,Lower half of a 2-cell-long 26.6° slope (rises 0.5 cell over 1). Front edge sits at 50% height to meet the Tip. Deformation: vertex-shader dents driven by the damage texture; no separate damaged mesh.
SM_STR_ArmorSlope2x1Base_Heavy_SG,STR-006,block.structure.armor_slope_2x1_base,Armor Slope 2×1 Base,Heavy,STR,Armor,SG,1×1×1,0.50x0.50x0.50,T2,IND,S,99,195,0,steel_plate:4; metal_grid:1,300,150,60,18,2,2,Shared trim sheet only (no unique maps),1024,back bottom left right,front back left right top bottom,,,,XS,assets/parts/structure/SM_STR_ArmorSlope2x1Base_Heavy_SG.blend,export/parts/structure/SM_STR_ArmorSlope2x1Base_Heavy_SG.fbx,Not started,,Lower half of a 2-cell-long 26.6° slope (rises 0.5 cell over 1). Front edge sits at 50% height to meet the Tip. Deformation: vertex-shader dents driven by the damage texture; no separate damaged mesh.
SM_STR_ArmorSlope2x1Tip_Light_LG,STR-007,block.structure.armor_slope_2x1_tip,Armor Slope 2×1 Tip,Light,STR,Armor,LG,1×1×1,2.50x2.50x2.50,T1,IND,S,125,375,0,steel_plate:6,800,400,160,48,2,2,Shared trim sheet only (no unique maps),512,back bottom left right,front back left right top bottom,,,,S,assets/parts/structure/SM_STR_ArmorSlope2x1Tip_Light_LG.blend,export/parts/structure/SM_STR_ArmorSlope2x1Tip_Light_LG.fbx,Not started,,Upper half of the 2×1 slope; rises from 0 to 50% height. Must meet the Base with zero gap. Deformation: vertex-shader dents driven by the damage texture; no separate damaged mesh.
SM_STR_ArmorSlope2x1Tip_Light_SG,STR-007,block.structure.armor_slope_2x1_tip,Armor Slope 2×1 Tip,Light,STR,Armor,SG,1×1×1,0.50x0.50x0.50,T1,IND,S,5.0,15,0,steel_plate:1,300,150,60,18,2,2,Shared trim sheet only (no unique maps),1024,back bottom left right,front back left right top bottom,,,,XS,assets/parts/structure/SM_STR_ArmorSlope2x1Tip_Light_SG.blend,export/parts/structure/SM_STR_ArmorSlope2x1Tip_Light_SG.fbx,Not started,,Upper half of the 2×1 slope; rises from 0 to 50% height. Must meet the Base with zero gap. Deformation: vertex-shader dents driven by the damage texture; no separate damaged mesh.
SM_STR_ArmorSlope2x1Tip_Heavy_LG,STR-007,block.structure.armor_slope_2x1_tip,Armor Slope 2×1 Tip,Heavy,STR,Armor,LG,1×1×1,2.50x2.50x2.50,T2,IND,S,825,1624,0,steel_plate:38; metal_grid:12,800,400,160,48,2,2,Shared trim sheet only (no unique maps),512,back bottom left right,front back left right top bottom,,,,S,assets/parts/structure/SM_STR_ArmorSlope2x1Tip_Heavy_LG.blend,export/parts/structure/SM_STR_ArmorSlope2x1Tip_Heavy_LG.fbx,Not started,,Upper half of the 2×1 slope; rises from 0 to 50% height. Must meet the Base with zero gap. Deformation: vertex-shader dents driven by the damage texture; no separate damaged mesh.
SM_STR_ArmorSlope2x1Tip_Heavy_SG,STR-007,block.structure.armor_slope_2x1_tip,Armor Slope 2×1 Tip,Heavy,STR,Armor,SG,1×1×1,0.50x0.50x0.50,T2,IND,S,33,65,0,steel_plate:1; metal_grid:1,300,150,60,18,2,2,Shared trim sheet only (no unique maps),1024,back bottom left right,front back left right top bottom,,,,XS,assets/parts/structure/SM_STR_ArmorSlope2x1Tip_Heavy_SG.blend,export/parts/structure/SM_STR_ArmorSlope2x1Tip_Heavy_SG.fbx,Not started,,Upper half of the 2×1 slope; rises from 0 to 50% height. Must meet the Base with zero gap. Deformation: vertex-shader dents driven by the damage texture; no separate damaged mesh.
SM_STR_ArmorCorner2x1Base_Light_LG,STR-008,block.structure.armor_corner_2x1_base,Armor Corner 2×1 Base,Light,STR,Armor,LG,1×1×1,2.50x2.50x2.50,T1,IND,S,165,495,0,steel_plate:8,800,400,160,48,2,2,Shared trim sheet only (no unique maps),512,back bottom right,front back left right top bottom,,,,S,assets/parts/structure/SM_STR_ArmorCorner2x1Base_Light_LG.blend,export/parts/structure/SM_STR_ArmorCorner2x1Base_Light_LG.fbx,Not started,,Corner piece for 2×1 slopes (base half). Deformation: vertex-shader dents driven by the damage texture; no separate damaged mesh.
SM_STR_ArmorCorner2x1Base_Light_SG,STR-008,block.structure.armor_corner_2x1_base,Armor Corner 2×1 Base,Light,STR,Armor,SG,1×1×1,0.50x0.50x0.50,T1,IND,S,7.0,20,0,steel_plate:1,300,150,60,18,2,2,Shared trim sheet only (no unique maps),1024,back bottom right,front back left right top bottom,,,,XS,assets/parts/structure/SM_STR_ArmorCorner2x1Base_Light_SG.blend,export/parts/structure/SM_STR_ArmorCorner2x1Base_Light_SG.fbx,Not started,,Corner piece for 2×1 slopes (base half). Deformation: vertex-shader dents driven by the damage texture; no separate damaged mesh.
SM_STR_ArmorCorner2x1Base_Heavy_LG,STR-008,block.structure.armor_corner_2x1_base,Armor Corner 2×1 Base,Heavy,STR,Armor,LG,1×1×1,2.50x2.50x2.50,T2,IND,S,1089,2143,0,steel_plate:50; metal_grid:16,800,400,160,48,2,2,Shared trim sheet only (no unique maps),512,back bottom right,front back left right top bottom,,,,S,assets/parts/structure/SM_STR_ArmorCorner2x1Base_Heavy_LG.blend,export/parts/structure/SM_STR_ArmorCorner2x1Base_Heavy_LG.fbx,Not started,,Corner piece for 2×1 slopes (base half). Deformation: vertex-shader dents driven by the damage texture; no separate damaged mesh.
SM_STR_ArmorCorner2x1Base_Heavy_SG,STR-008,block.structure.armor_corner_2x1_base,Armor Corner 2×1 Base,Heavy,STR,Armor,SG,1×1×1,0.50x0.50x0.50,T2,IND,S,46,87,0,steel_plate:2; metal_grid:1,300,150,60,18,2,2,Shared trim sheet only (no unique maps),1024,back bottom right,front back left right top bottom,,,,XS,assets/parts/structure/SM_STR_ArmorCorner2x1Base_Heavy_SG.blend,export/parts/structure/SM_STR_ArmorCorner2x1Base_Heavy_SG.fbx,Not started,,Corner piece for 2×1 slopes (base half). Deformation: vertex-shader dents driven by the damage texture; no separate damaged mesh.
SM_STR_ArmorCorner2x1Tip_Light_LG,STR-009,block.structure.armor_corner_2x1_tip,Armor Corner 2×1 Tip,Light,STR,Armor,LG,1×1×1,2.50x2.50x2.50,T1,IND,S,40,120,0,steel_plate:2,800,400,160,48,2,2,Shared trim sheet only (no unique maps),512,back bottom right,front back left right top bottom,,,,S,assets/parts/structure/SM_STR_ArmorCorner2x1Tip_Light_LG.blend,export/parts/structure/SM_STR_ArmorCorner2x1Tip_Light_LG.fbx,Not started,,Corner piece for 2×1 slopes (tip half). Tiny: keep it under 60% of the Simple budget. Deformation: vertex-shader dents driven by the damage texture; no separate damaged mesh.
SM_STR_ArmorCorner2x1Tip_Light_SG,STR-009,block.structure.armor_corner_2x1_tip,Armor Corner 2×1 Tip,Light,STR,Armor,SG,1×1×1,0.50x0.50x0.50,T1,IND,S,2.0,5,0,steel_plate:1,300,150,60,18,2,2,Shared trim sheet only (no unique maps),1024,back bottom right,front back left right top bottom,,,,XS,assets/parts/structure/SM_STR_ArmorCorner2x1Tip_Light_SG.blend,export/parts/structure/SM_STR_ArmorCorner2x1Tip_Light_SG.fbx,Not started,,Corner piece for 2×1 slopes (tip half). Tiny: keep it under 60% of the Simple budget. Deformation: vertex-shader dents driven by the damage texture; no separate damaged mesh.
SM_STR_ArmorCorner2x1Tip_Heavy_LG,STR-009,block.structure.armor_corner_2x1_tip,Armor Corner 2×1 Tip,Heavy,STR,Armor,LG,1×1×1,2.50x2.50x2.50,T2,IND,S,264,520,0,steel_plate:12; metal_grid:4,800,400,160,48,2,2,Shared trim sheet only (no unique maps),512,back bottom right,front back left right top bottom,,,,S,assets/parts/structure/SM_STR_ArmorCorner2x1Tip_Heavy_LG.blend,export/parts/structure/SM_STR_ArmorCorner2x1Tip_Heavy_LG.fbx,Not started,,Corner piece for 2×1 slopes (tip half). Tiny: keep it under 60% of the Simple budget. Deformation: vertex-shader dents driven by the damage texture; no separate damaged mesh.
SM_STR_ArmorCorner2x1Tip_Heavy_SG,STR-009,block.structure.armor_corner_2x1_tip,Armor Corner 2×1 Tip,Heavy,STR,Armor,SG,1×1×1,0.50x0.50x0.50,T2,IND,S,13,22,0,steel_plate:1; metal_grid:1,300,150,60,18,2,2,Shared trim sheet only (no unique maps),1024,back bottom right,front back left right top bottom,,,,XS,assets/parts/structure/SM_STR_ArmorCorner2x1Tip_Heavy_SG.blend,export/parts/structure/SM_STR_ArmorCorner2x1Tip_Heavy_SG.fbx,Not started,,Corner piece for 2×1 slopes (tip half). Tiny: keep it under 60% of the Simple budget. Deformation: vertex-shader dents driven by the damage texture; no separate damaged mesh.
SM_STR_ArmorInvertedCorner2x1Base_Light_LG,STR-010,block.structure.armor_inverted_corner_2x1_base,Armor Inverted Corner 2×1 Base,Light,STR,Armor,LG,1×1×1,2.50x2.50x2.50,T1,IND,S,460,1380,0,steel_plate:23,800,400,160,48,2,2,Shared trim sheet only (no unique maps),512,front back left right top bottom,front back left right top bottom,,,,S,assets/parts/structure/SM_STR_ArmorInvertedCorner2x1Base_Light_LG.blend,export/parts/structure/SM_STR_ArmorInvertedCorner2x1Base_Light_LG.fbx,Not started,,Inverted corner matching the 2×1 slope angle (base half). Deformation: vertex-shader dents driven by the damage texture; no separate damaged mesh.
SM_STR_ArmorInvertedCorner2x1Base_Light_SG,STR-010,block.structure.armor_inverted_corner_2x1_base,Armor Inverted Corner 2×1 Base,Light,STR,Armor,SG,1×1×1,0.50x0.50x0.50,T1,IND,S,18,55,0,steel_plate:1,300,150,60,18,2,2,Shared trim sheet only (no unique maps),1024,front back left right top bottom,front back left right top bottom,,,,XS,assets/parts/structure/SM_STR_ArmorInvertedCorner2x1Base_Light_SG.blend,export/parts/structure/SM_STR_ArmorInvertedCorner2x1Base_Light_SG.fbx,Not started,,Inverted corner matching the 2×1 slope angle (base half). Deformation: vertex-shader dents driven by the damage texture; no separate damaged mesh.
SM_STR_ArmorInvertedCorner2x1Base_Heavy_LG,STR-010,block.structure.armor_inverted_corner_2x1_base,Armor Inverted Corner 2×1 Base,Heavy,STR,Armor,LG,1×1×1,2.50x2.50x2.50,T2,IND,S,3036,5975,0,steel_plate:138; metal_grid:46,800,400,160,48,2,2,Shared trim sheet only (no unique maps),512,front back left right top bottom,front back left right top bottom,,,,S,assets/parts/structure/SM_STR_ArmorInvertedCorner2x1Base_Heavy_LG.blend,export/parts/structure/SM_STR_ArmorInvertedCorner2x1Base_Heavy_LG.fbx,Not started,,Inverted corner matching the 2×1 slope angle (base half). Deformation: vertex-shader dents driven by the damage texture; no separate damaged mesh.
SM_STR_ArmorInvertedCorner2x1Base_Heavy_SG,STR-010,block.structure.armor_inverted_corner_2x1_base,Armor Inverted Corner 2×1 Base,Heavy,STR,Armor,SG,1×1×1,0.50x0.50x0.50,T2,IND,S,119,238,0,steel_plate:5; metal_grid:1,300,150,60,18,2,2,Shared trim sheet only (no unique maps),1024,front back left right top bottom,front back left right top bottom,,,,XS,assets/parts/structure/SM_STR_ArmorInvertedCorner2x1Base_Heavy_SG.blend,export/parts/structure/SM_STR_ArmorInvertedCorner2x1Base_Heavy_SG.fbx,Not started,,Inverted corner matching the 2×1 slope angle (base half). Deformation: vertex-shader dents driven by the damage texture; no separate damaged mesh.
SM_STR_ArmorInvertedCorner2x1Tip_Light_LG,STR-011,block.structure.armor_inverted_corner_2x1_tip,Armor Inverted Corner 2×1 Tip,Light,STR,Armor,LG,1×1×1,2.50x2.50x2.50,T1,IND,S,290,870,0,steel_plate:14,800,400,160,48,2,2,Shared trim sheet only (no unique maps),512,back bottom left right,front back left right top bottom,,,,S,assets/parts/structure/SM_STR_ArmorInvertedCorner2x1Tip_Light_LG.blend,export/parts/structure/SM_STR_ArmorInvertedCorner2x1Tip_Light_LG.fbx,Not started,,Inverted corner matching the 2×1 slope angle (tip half). Deformation: vertex-shader dents driven by the damage texture; no separate damaged mesh.
SM_STR_ArmorInvertedCorner2x1Tip_Light_SG,STR-011,block.structure.armor_inverted_corner_2x1_tip,Armor Inverted Corner 2×1 Tip,Light,STR,Armor,SG,1×1×1,0.50x0.50x0.50,T1,IND,S,12,35,0,steel_plate:1,300,150,60,18,2,2,Shared trim sheet only (no unique maps),1024,back bottom left right,front back left right top bottom,,,,XS,assets/parts/structure/SM_STR_ArmorInvertedCorner2x1Tip_Light_SG.blend,export/parts/structure/SM_STR_ArmorInvertedCorner2x1Tip_Light_SG.fbx,Not started,,Inverted corner matching the 2×1 slope angle (tip half). Deformation: vertex-shader dents driven by the damage texture; no separate damaged mesh.
SM_STR_ArmorInvertedCorner2x1Tip_Heavy_LG,STR-011,block.structure.armor_inverted_corner_2x1_tip,Armor Inverted Corner 2×1 Tip,Heavy,STR,Armor,LG,1×1×1,2.50x2.50x2.50,T2,IND,S,1914,3767,0,steel_plate:87; metal_grid:29,800,400,160,48,2,2,Shared trim sheet only (no unique maps),512,back bottom left right,front back left right top bottom,,,,S,assets/parts/structure/SM_STR_ArmorInvertedCorner2x1Tip_Heavy_LG.blend,export/parts/structure/SM_STR_ArmorInvertedCorner2x1Tip_Heavy_LG.fbx,Not started,,Inverted corner matching the 2×1 slope angle (tip half). Deformation: vertex-shader dents driven by the damage texture; no separate damaged mesh.
SM_STR_ArmorInvertedCorner2x1Tip_Heavy_SG,STR-011,block.structure.armor_inverted_corner_2x1_tip,Armor Inverted Corner 2×1 Tip,Heavy,STR,Armor,SG,1×1×1,0.50x0.50x0.50,T2,IND,S,79,152,0,steel_plate:3; metal_grid:1,300,150,60,18,2,2,Shared trim sheet only (no unique maps),1024,back bottom left right,front back left right top bottom,,,,XS,assets/parts/structure/SM_STR_ArmorInvertedCorner2x1Tip_Heavy_SG.blend,export/parts/structure/SM_STR_ArmorInvertedCorner2x1Tip_Heavy_SG.fbx,Not started,,Inverted corner matching the 2×1 slope angle (tip half). Deformation: vertex-shader dents driven by the damage texture; no separate damaged mesh.
SM_STR_ArmorRoundSlope_Light_LG,STR-012,block.structure.armor_round_slope,Armor Round Slope,Light,STR,Armor,LG,1×1×1,2.50x2.50x2.50,T1,IND,S,300,900,0,steel_plate:15,800,400,160,48,2,2,Shared trim sheet only (no unique maps),512,back bottom left right,front back left right top bottom,,,,S,assets/parts/structure/SM_STR_ArmorRoundSlope_Light_LG.blend,export/parts/structure/SM_STR_ArmorRoundSlope_Light_LG.fbx,Not started,,"Quarter-cylinder profile, 8 segments at LOD0 (4 at LOD2). Normals must match Round Corner exactly. Deformation: vertex-shader dents driven by the damage texture; no separate damaged mesh."
SM_STR_ArmorRoundSlope_Light_SG,STR-012,block.structure.armor_round_slope,Armor Round Slope,Light,STR,Armor,SG,1×1×1,0.50x0.50x0.50,T1,IND,S,12,36,0,steel_plate:1,300,150,60,18,2,2,Shared trim sheet only (no unique maps),1024,back bottom left right,front back left right top bottom,,,,XS,assets/parts/structure/SM_STR_ArmorRoundSlope_Light_SG.blend,export/parts/structure/SM_STR_ArmorRoundSlope_Light_SG.fbx,Not started,,"Quarter-cylinder profile, 8 segments at LOD0 (4 at LOD2). Normals must match Round Corner exactly. Deformation: vertex-shader dents driven by the damage texture; no separate damaged mesh."
SM_STR_ArmorRoundSlope_Heavy_LG,STR-012,block.structure.armor_round_slope,Armor Round Slope,Heavy,STR,Armor,LG,1×1×1,2.50x2.50x2.50,T2,IND,S,1980,3897,0,steel_plate:90; metal_grid:30,800,400,160,48,2,2,Shared trim sheet only (no unique maps),512,back bottom left right,front back left right top bottom,,,,S,assets/parts/structure/SM_STR_ArmorRoundSlope_Heavy_LG.blend,export/parts/structure/SM_STR_ArmorRoundSlope_Heavy_LG.fbx,Not started,,"Quarter-cylinder profile, 8 segments at LOD0 (4 at LOD2). Normals must match Round Corner exactly. Deformation: vertex-shader dents driven by the damage texture; no separate damaged mesh."
SM_STR_ArmorRoundSlope_Heavy_SG,STR-012,block.structure.armor_round_slope,Armor Round Slope,Heavy,STR,Armor,SG,1×1×1,0.50x0.50x0.50,T2,IND,S,79,156,0,steel_plate:3; metal_grid:1,300,150,60,18,2,2,Shared trim sheet only (no unique maps),1024,back bottom left right,front back left right top bottom,,,,XS,assets/parts/structure/SM_STR_ArmorRoundSlope_Heavy_SG.blend,export/parts/structure/SM_STR_ArmorRoundSlope_Heavy_SG.fbx,Not started,,"Quarter-cylinder profile, 8 segments at LOD0 (4 at LOD2). Normals must match Round Corner exactly. Deformation: vertex-shader dents driven by the damage texture; no separate damaged mesh."
SM_STR_ArmorRoundCorner_Light_LG,STR-013,block.structure.armor_round_corner,Armor Round Corner,Light,STR,Armor,LG,1×1×1,2.50x2.50x2.50,T1,IND,S,150,450,0,steel_plate:8,800,400,160,48,2,2,Shared trim sheet only (no unique maps),512,back bottom right,front back left right top bottom,,,,S,assets/parts/structure/SM_STR_ArmorRoundCorner_Light_LG.blend,export/parts/structure/SM_STR_ArmorRoundCorner_Light_LG.fbx,Not started,,Eighth-sphere-style corner for Round Slopes. 8×8 segments LOD0. Deformation: vertex-shader dents driven by the damage texture; no separate damaged mesh.
SM_STR_ArmorRoundCorner_Light_SG,STR-013,block.structure.armor_round_corner,Armor Round Corner,Light,STR,Armor,SG,1×1×1,0.50x0.50x0.50,T1,IND,S,6.0,18,0,steel_plate:1,300,150,60,18,2,2,Shared trim sheet only (no unique maps),1024,back bottom right,front back left right top bottom,,,,XS,assets/parts/structure/SM_STR_ArmorRoundCorner_Light_SG.blend,export/parts/structure/SM_STR_ArmorRoundCorner_Light_SG.fbx,Not started,,Eighth-sphere-style corner for Round Slopes. 8×8 segments LOD0. Deformation: vertex-shader dents driven by the damage texture; no separate damaged mesh.
SM_STR_ArmorRoundCorner_Heavy_LG,STR-013,block.structure.armor_round_corner,Armor Round Corner,Heavy,STR,Armor,LG,1×1×1,2.50x2.50x2.50,T2,IND,S,990,1948,0,steel_plate:45; metal_grid:15,800,400,160,48,2,2,Shared trim sheet only (no unique maps),512,back bottom right,front back left right top bottom,,,,S,assets/parts/structure/SM_STR_ArmorRoundCorner_Heavy_LG.blend,export/parts/structure/SM_STR_ArmorRoundCorner_Heavy_LG.fbx,Not started,,Eighth-sphere-style corner for Round Slopes. 8×8 segments LOD0. Deformation: vertex-shader dents driven by the damage texture; no separate damaged mesh.
SM_STR_ArmorRoundCorner_Heavy_SG,STR-013,block.structure.armor_round_corner,Armor Round Corner,Heavy,STR,Armor,SG,1×1×1,0.50x0.50x0.50,T2,IND,S,40,78,0,steel_plate:2; metal_grid:1,300,150,60,18,2,2,Shared trim sheet only (no unique maps),1024,back bottom right,front back left right top bottom,,,,XS,assets/parts/structure/SM_STR_ArmorRoundCorner_Heavy_SG.blend,export/parts/structure/SM_STR_ArmorRoundCorner_Heavy_SG.fbx,Not started,,Eighth-sphere-style corner for Round Slopes. 8×8 segments LOD0. Deformation: vertex-shader dents driven by the damage texture; no separate damaged mesh.
SM_STR_ArmorRoundInvertedCorner_Light_LG,STR-014,block.structure.armor_round_inverted_corner,Armor Round Inverted Corner,Light,STR,Armor,LG,1×1×1,2.50x2.50x2.50,T1,IND,S,425,1275,0,steel_plate:21,800,400,160,48,2,2,Shared trim sheet only (no unique maps),512,front back left right top bottom,front back left right top bottom,,,,S,assets/parts/structure/SM_STR_ArmorRoundInvertedCorner_Light_LG.blend,export/parts/structure/SM_STR_ArmorRoundInvertedCorner_Light_LG.fbx,Not started,,Concave rounded corner. Custom split normals so it shades seamlessly against Round Slopes. Deformation: vertex-shader dents driven by the damage texture; no separate damaged mesh.
SM_STR_ArmorRoundInvertedCorner_Light_SG,STR-014,block.structure.armor_round_inverted_corner,Armor Round Inverted Corner,Light,STR,Armor,SG,1×1×1,0.50x0.50x0.50,T1,IND,S,17,51,0,steel_plate:1,300,150,60,18,2,2,Shared trim sheet only (no unique maps),1024,front back left right top bottom,front back left right top bottom,,,,XS,assets/parts/structure/SM_STR_ArmorRoundInvertedCorner_Light_SG.blend,export/parts/structure/SM_STR_ArmorRoundInvertedCorner_Light_SG.fbx,Not started,,Concave rounded corner. Custom split normals so it shades seamlessly against Round Slopes. Deformation: vertex-shader dents driven by the damage texture; no separate damaged mesh.
SM_STR_ArmorRoundInvertedCorner_Heavy_LG,STR-014,block.structure.armor_round_inverted_corner,Armor Round Inverted Corner,Heavy,STR,Armor,LG,1×1×1,2.50x2.50x2.50,T2,IND,S,2805,5521,0,steel_plate:128; metal_grid:42,800,400,160,48,2,2,Shared trim sheet only (no unique maps),512,front back left right top bottom,front back left right top bottom,,,,S,assets/parts/structure/SM_STR_ArmorRoundInvertedCorner_Heavy_LG.blend,export/parts/structure/SM_STR_ArmorRoundInvertedCorner_Heavy_LG.fbx,Not started,,Concave rounded corner. Custom split normals so it shades seamlessly against Round Slopes. Deformation: vertex-shader dents driven by the damage texture; no separate damaged mesh.
SM_STR_ArmorRoundInvertedCorner_Heavy_SG,STR-014,block.structure.armor_round_inverted_corner,Armor Round Inverted Corner,Heavy,STR,Armor,SG,1×1×1,0.50x0.50x0.50,T2,IND,S,112,221,0,steel_plate:4; metal_grid:1,300,150,60,18,2,2,Shared trim sheet only (no unique maps),1024,front back left right top bottom,front back left right top bottom,,,,XS,assets/parts/structure/SM_STR_ArmorRoundInvertedCorner_Heavy_SG.blend,export/parts/structure/SM_STR_ArmorRoundInvertedCorner_Heavy_SG.fbx,Not started,,Concave rounded corner. Custom split normals so it shades seamlessly against Round Slopes. Deformation: vertex-shader dents driven by the damage texture; no separate damaged mesh.
SM_STR_ArmorPanel_Light_LG,STR-015,block.structure.armor_panel,Armor Panel,Light,STR,Armor,LG,1×1×1,2.50x2.50x2.50,T1,IND,S,50,150,0,steel_plate:2,800,400,160,48,2,2,Shared trim sheet only (no unique maps),512,back,back,,,,S,assets/parts/structure/SM_STR_ArmorPanel_Light_LG.blend,export/parts/structure/SM_STR_ArmorPanel_Light_LG.fbx,Not started,,0.25 m (LG) / 0.05 m (SG) plate on the back face. Used for thin walls and cosmetic hull skins. Both sides textured. Deformation: vertex-shader dents driven by the damage texture; no separate damaged mesh.
SM_STR_ArmorPanel_Light_SG,STR-015,block.structure.armor_panel,Armor Panel,Light,STR,Armor,SG,1×1×1,0.50x0.50x0.50,T1,IND,S,2.0,6,0,steel_plate:1,300,150,60,18,2,2,Shared trim sheet only (no unique maps),1024,back,back,,,,XS,assets/parts/structure/SM_STR_ArmorPanel_Light_SG.blend,export/parts/structure/SM_STR_ArmorPanel_Light_SG.fbx,Not started,,0.25 m (LG) / 0.05 m (SG) plate on the back face. Used for thin walls and cosmetic hull skins. Both sides textured. Deformation: vertex-shader dents driven by the damage texture; no separate damaged mesh.
SM_STR_ArmorPanel_Heavy_LG,STR-015,block.structure.armor_panel,Armor Panel,Heavy,STR,Armor,LG,1×1×1,2.50x2.50x2.50,T2,IND,S,330,650,0,steel_plate:15; metal_grid:5,800,400,160,48,2,2,Shared trim sheet only (no unique maps),512,back,back,,,,S,assets/parts/structure/SM_STR_ArmorPanel_Heavy_LG.blend,export/parts/structure/SM_STR_ArmorPanel_Heavy_LG.fbx,Not started,,0.25 m (LG) / 0.05 m (SG) plate on the back face. Used for thin walls and cosmetic hull skins. Both sides textured. Deformation: vertex-shader dents driven by the damage texture; no separate damaged mesh.
SM_STR_ArmorPanel_Heavy_SG,STR-015,block.structure.armor_panel,Armor Panel,Heavy,STR,Armor,SG,1×1×1,0.50x0.50x0.50,T2,IND,S,13,26,0,steel_plate:1; metal_grid:1,300,150,60,18,2,2,Shared trim sheet only (no unique maps),1024,back,back,,,,XS,assets/parts/structure/SM_STR_ArmorPanel_Heavy_SG.blend,export/parts/structure/SM_STR_ArmorPanel_Heavy_SG.fbx,Not started,,0.25 m (LG) / 0.05 m (SG) plate on the back face. Used for thin walls and cosmetic hull skins. Both sides textured. Deformation: vertex-shader dents driven by the damage texture; no separate damaged mesh.
SM_STR_ArmorPanelSlope_Light_LG,STR-016,block.structure.armor_panel_slope,Armor Panel Slope,Light,STR,Armor,LG,1×1×1,2.50x2.50x2.50,T1,IND,S,60,180,0,steel_plate:3,800,400,160,48,2,2,Shared trim sheet only (no unique maps),512,back bottom,,,,,S,assets/parts/structure/SM_STR_ArmorPanelSlope_Light_LG.blend,export/parts/structure/SM_STR_ArmorPanelSlope_Light_LG.fbx,Not started,,Thin plate along the 45° diagonal. Pairs with Panel for lightweight sloped hulls. Deformation: vertex-shader dents driven by the damage texture; no separate damaged mesh.
SM_STR_ArmorPanelSlope_Light_SG,STR-016,block.structure.armor_panel_slope,Armor Panel Slope,Light,STR,Armor,SG,1×1×1,0.50x0.50x0.50,T1,IND,S,2.0,7,0,steel_plate:1,300,150,60,18,2,2,Shared trim sheet only (no unique maps),1024,back bottom,,,,,XS,assets/parts/structure/SM_STR_ArmorPanelSlope_Light_SG.blend,export/parts/structure/SM_STR_ArmorPanelSlope_Light_SG.fbx,Not started,,Thin plate along the 45° diagonal. Pairs with Panel for lightweight sloped hulls. Deformation: vertex-shader dents driven by the damage texture; no separate damaged mesh.
SM_STR_ArmorPanelSlope_Heavy_LG,STR-016,block.structure.armor_panel_slope,Armor Panel Slope,Heavy,STR,Armor,LG,1×1×1,2.50x2.50x2.50,T2,IND,S,396,779,0,steel_plate:18; metal_grid:6,800,400,160,48,2,2,Shared trim sheet only (no unique maps),512,back bottom,,,,,S,assets/parts/structure/SM_STR_ArmorPanelSlope_Heavy_LG.blend,export/parts/structure/SM_STR_ArmorPanelSlope_Heavy_LG.fbx,Not started,,Thin plate along the 45° diagonal. Pairs with Panel for lightweight sloped hulls. Deformation: vertex-shader dents driven by the damage texture; no separate damaged mesh.
SM_STR_ArmorPanelSlope_Heavy_SG,STR-016,block.structure.armor_panel_slope,Armor Panel Slope,Heavy,STR,Armor,SG,1×1×1,0.50x0.50x0.50,T2,IND,S,13,30,0,steel_plate:1; metal_grid:1,300,150,60,18,2,2,Shared trim sheet only (no unique maps),1024,back bottom,,,,,XS,assets/parts/structure/SM_STR_ArmorPanelSlope_Heavy_SG.blend,export/parts/structure/SM_STR_ArmorPanelSlope_Heavy_SG.fbx,Not started,,Thin plate along the 45° diagonal. Pairs with Panel for lightweight sloped hulls. Deformation: vertex-shader dents driven by the damage texture; no separate damaged mesh.
SM_STR_ScrapWall_ASheetAndSigns_LG,STR-017,block.structure.scrap_wall,Scrap Wall,A Sheet & Signs,STR,Survivor Structure,LG,1×1×1,2.50x2.50x2.50,T0,SCR,M,350,700,0,scrap_metal:20; duct_tape:2,4000,2000,800,240,3,6,Trim sheets + one 1K unique atlas,512,front back left right top bottom,,,,,S,assets/parts/structure/SM_STR_ScrapWall_ASheetAndSigns_LG.blend,export/parts/structure/SM_STR_ScrapWall_ASheetAndSigns_LG.fbx,Not started,,"Four visual variants that must tile with each other in any order. Real gaps (not painted): 3–6 slits per face so floodlight shafts show through at night. Decals: Kestrel logo, road signs, spray-painted tally marks."
SM_STR_ScrapWall_BCarDoors_LG,STR-017,block.structure.scrap_wall,Scrap Wall,B Car Doors,STR,Survivor Structure,LG,1×1×1,2.50x2.50x2.50,T0,SCR,M,350,700,0,scrap_metal:20; duct_tape:2,4000,2000,800,240,3,6,Trim sheets + one 1K unique atlas,512,front back left right top bottom,,,,,S,assets/parts/structure/SM_STR_ScrapWall_BCarDoors_LG.blend,export/parts/structure/SM_STR_ScrapWall_BCarDoors_LG.fbx,Not started,,"Four visual variants that must tile with each other in any order. Real gaps (not painted): 3–6 slits per face so floodlight shafts show through at night. Decals: Kestrel logo, road signs, spray-painted tally marks."
SM_STR_ScrapWall_CCorrugated_LG,STR-017,block.structure.scrap_wall,Scrap Wall,C Corrugated,STR,Survivor Structure,LG,1×1×1,2.50x2.50x2.50,T0,SCR,M,350,700,0,scrap_metal:20; duct_tape:2,4000,2000,800,240,3,6,Trim sheets + one 1K unique atlas,512,front back left right top bottom,,,,,S,assets/parts/structure/SM_STR_ScrapWall_CCorrugated_LG.blend,export/parts/structure/SM_STR_ScrapWall_CCorrugated_LG.fbx,Not started,,"Four visual variants that must tile with each other in any order. Real gaps (not painted): 3–6 slits per face so floodlight shafts show through at night. Decals: Kestrel logo, road signs, spray-painted tally marks."
SM_STR_ScrapWall_DPlywoodAndRebar_LG,STR-017,block.structure.scrap_wall,Scrap Wall,D Plywood & Rebar,STR,Survivor Structure,LG,1×1×1,2.50x2.50x2.50,T0,SCR,M,350,700,0,scrap_metal:20; duct_tape:2,4000,2000,800,240,3,6,Trim sheets + one 1K unique atlas,512,front back left right top bottom,,,,,S,assets/parts/structure/SM_STR_ScrapWall_DPlywoodAndRebar_LG.blend,export/parts/structure/SM_STR_ScrapWall_DPlywoodAndRebar_LG.fbx,Not started,,"Four visual variants that must tile with each other in any order. Real gaps (not painted): 3–6 slits per face so floodlight shafts show through at night. Decals: Kestrel logo, road signs, spray-painted tally marks."
SM_STR_FoundationBlock_LG,STR-018,block.structure.foundation_block,Foundation Block,,STR,Base Structure,LG,1×1×1,2.50x2.50x2.50,T1,IND,M,9000,8000,0,steel_plate:10; construction_component:10; girder:8,4000,2000,800,240,3,6,Trim sheets + one 1K unique atlas,512,front back left right top bottom,front back left right top bottom,,,,S,assets/parts/structure/SM_STR_FoundationBlock_LG.blend,export/parts/structure/SM_STR_FoundationBlock_LG.fbx,Not started,,Concrete-and-rebar look. Includes a 1.25 m skirt below the cell that clips into terrain (excluded from collision). Vertex-color mask for a dirt blend on the lower 40%.
SM_STR_StructuralPillar_LG,STR-019,block.structure.structural_pillar,Structural Pillar,,STR,Base Structure,LG,1×1×1,2.50x2.50x2.50,T1,IND,M,2400,5000,0,girder:12; steel_plate:20; construction_component:6,4000,2000,800,240,3,6,Trim sheets + one 1K unique atlas,512,top bottom left right front back,,,,,S,assets/parts/structure/SM_STR_StructuralPillar_LG.blend,export/parts/structure/SM_STR_StructuralPillar_LG.fbx,Not started,,Square core column with diagonal bracing and bolted top/bottom flanges. Material parameter 'StressState' (0–1) drives green → amber → red paint marks for the Structural View.
SM_STR_IBeam_1Cell_LG,STR-020,block.structure.i_beam,I-Beam,1 Cell,STR,Frame,LG,1×1×1,2.50x2.50x2.50,T1,IND,S,600,1800,0,girder:6; steel_plate:4,800,400,160,48,2,2,Shared trim sheet only (no unique maps),512,front back bottom,,,,,S,assets/parts/structure/SM_STR_IBeam_1Cell_LG.blend,export/parts/structure/SM_STR_IBeam_1Cell_LG.fbx,Not started,,"Beam runs along the depth axis (front–back). Flange holes as geometry at LOD0, normal map at LOD1+."
SM_STR_IBeam_1Cell_SG,STR-020,block.structure.i_beam,I-Beam,1 Cell,STR,Frame,SG,1×1×1,0.50x0.50x0.50,T1,IND,S,30,90,0,girder:1; steel_plate:1,300,150,60,18,2,2,Shared trim sheet only (no unique maps),1024,front back bottom,,,,,XS,assets/parts/structure/SM_STR_IBeam_1Cell_SG.blend,export/parts/structure/SM_STR_IBeam_1Cell_SG.fbx,Not started,,"Beam runs along the depth axis (front–back). Flange holes as geometry at LOD0, normal map at LOD1+."
SM_STR_IBeam_3Cells_LG,STR-020,block.structure.i_beam,I-Beam,3 Cells,STR,Frame,LG,1×1×3,2.50x2.50x7.50,T1,IND,S,1800,5400,0,girder:18; steel_plate:12,800,400,160,48,2,2,Shared trim sheet only (no unique maps),512,front back bottom,,,,,M,assets/parts/structure/SM_STR_IBeam_3Cells_LG.blend,export/parts/structure/SM_STR_IBeam_3Cells_LG.fbx,Not started,,"Beam runs along the depth axis (front–back). Flange holes as geometry at LOD0, normal map at LOD1+."
SM_STR_IBeam_3Cells_SG,STR-020,block.structure.i_beam,I-Beam,3 Cells,STR,Frame,SG,1×1×3,0.50x0.50x1.50,T1,IND,S,90,270,0,girder:3; steel_plate:3,300,150,60,18,2,2,Shared trim sheet only (no unique maps),1024,front back bottom,,,,,S,assets/parts/structure/SM_STR_IBeam_3Cells_SG.blend,export/parts/structure/SM_STR_IBeam_3Cells_SG.fbx,Not started,,"Beam runs along the depth axis (front–back). Flange holes as geometry at LOD0, normal map at LOD1+."
SM_STR_IBeam_5Cells_LG,STR-020,block.structure.i_beam,I-Beam,5 Cells,STR,Frame,LG,1×1×5,2.50x2.50x12.50,T1,IND,S,3000,9000,0,girder:30; steel_plate:20,800,400,160,48,2,2,Shared trim sheet only (no unique maps),512,front back bottom,,,,,L,assets/parts/structure/SM_STR_IBeam_5Cells_LG.blend,export/parts/structure/SM_STR_IBeam_5Cells_LG.fbx,Not started,,"Beam runs along the depth axis (front–back). Flange holes as geometry at LOD0, normal map at LOD1+."
SM_STR_IBeam_5Cells_SG,STR-020,block.structure.i_beam,I-Beam,5 Cells,STR,Frame,SG,1×1×5,0.50x0.50x2.50,T1,IND,S,150,450,0,girder:5; steel_plate:5,300,150,60,18,2,2,Shared trim sheet only (no unique maps),1024,front back bottom,,,,,S,assets/parts/structure/SM_STR_IBeam_5Cells_SG.blend,export/parts/structure/SM_STR_IBeam_5Cells_SG.fbx,Not started,,"Beam runs along the depth axis (front–back). Flange holes as geometry at LOD0, normal map at LOD1+."
SM_STR_TrussFrame_LG,STR-021,block.structure.truss_frame,Truss Frame,,STR,Frame,LG,1×1×1,2.50x2.50x2.50,T1,IND,S,300,900,0,metal_grid:6; small_tube:4,800,400,160,48,2,2,Shared trim sheet only (no unique maps),512,front back left right top bottom,,,,,S,assets/parts/structure/SM_STR_TrussFrame_LG.blend,export/parts/structure/SM_STR_TrussFrame_LG.fbx,Not started,,"Real strut geometry (12 edge struts + 4 diagonals, 8 nodes); no alpha. Heavily instanced: LOD0 at 600 tris max for LG."
SM_STR_TrussFrame_SG,STR-021,block.structure.truss_frame,Truss Frame,,STR,Frame,SG,1×1×1,0.50x0.50x0.50,T1,IND,S,15,45,0,metal_grid:1; small_tube:1,300,150,60,18,2,2,Shared trim sheet only (no unique maps),1024,front back left right top bottom,,,,,XS,assets/parts/structure/SM_STR_TrussFrame_SG.blend,export/parts/structure/SM_STR_TrussFrame_SG.fbx,Not started,,"Real strut geometry (12 edge struts + 4 diagonals, 8 nodes); no alpha. Heavily instanced: LOD0 at 600 tris max for LG."
SM_STR_Catwalk_Straight_LG,STR-022,block.structure.catwalk,Catwalk,Straight,STR,Walkways,LG,1×1×1,2.50x2.50x2.50,T1,IND,S,200,500,0,metal_grid:4; small_tube:6; construction_component:2,800,400,160,48,2,2,Shared trim sheet only (no unique maps),512,bottom left right front back,,,,,S,assets/parts/structure/SM_STR_Catwalk_Straight_LG.blend,export/parts/structure/SM_STR_Catwalk_Straight_LG.fbx,Not started,,Grate occupies the bottom 0.15 m. The grate uses the opacity-masked trim (the only masked material allowed in structure); LOD2+ swaps to a solid plate.
SM_STR_Catwalk_Corner_LG,STR-022,block.structure.catwalk,Catwalk,Corner,STR,Walkways,LG,1×1×1,2.50x2.50x2.50,T1,IND,S,200,500,0,metal_grid:4; small_tube:6; construction_component:2,800,400,160,48,2,2,Shared trim sheet only (no unique maps),512,bottom left right front back,,,,,S,assets/parts/structure/SM_STR_Catwalk_Corner_LG.blend,export/parts/structure/SM_STR_Catwalk_Corner_LG.fbx,Not started,,Grate occupies the bottom 0.15 m. The grate uses the opacity-masked trim (the only masked material allowed in structure); LOD2+ swaps to a solid plate.
SM_STR_Catwalk_TJunction_LG,STR-022,block.structure.catwalk,Catwalk,T-Junction,STR,Walkways,LG,1×1×1,2.50x2.50x2.50,T1,IND,S,200,500,0,metal_grid:4; small_tube:6; construction_component:2,800,400,160,48,2,2,Shared trim sheet only (no unique maps),512,bottom left right front back,,,,,S,assets/parts/structure/SM_STR_Catwalk_TJunction_LG.blend,export/parts/structure/SM_STR_Catwalk_TJunction_LG.fbx,Not started,,Grate occupies the bottom 0.15 m. The grate uses the opacity-masked trim (the only masked material allowed in structure); LOD2+ swaps to a solid plate.
SM_STR_Catwalk_End_LG,STR-022,block.structure.catwalk,Catwalk,End,STR,Walkways,LG,1×1×1,2.50x2.50x2.50,T1,IND,S,200,500,0,metal_grid:4; small_tube:6; construction_component:2,800,400,160,48,2,2,Shared trim sheet only (no unique maps),512,bottom left right front back,,,,,S,assets/parts/structure/SM_STR_Catwalk_End_LG.blend,export/parts/structure/SM_STR_Catwalk_End_LG.fbx,Not started,,Grate occupies the bottom 0.15 m. The grate uses the opacity-masked trim (the only masked material allowed in structure); LOD2+ swaps to a solid plate.
SM_STR_CatwalkRailing_Straight_LG,STR-023,block.structure.catwalk_railing,Catwalk Railing,Straight,STR,Walkways,LG,1×1×1,2.50x2.50x2.50,T1,IND,S,60,200,0,small_tube:6; construction_component:1,800,400,160,48,2,2,Shared trim sheet only (no unique maps),512,bottom,,SOCKET_Interact_Front_01,,,S,assets/parts/structure/SM_STR_CatwalkRailing_Straight_LG.blend,export/parts/structure/SM_STR_CatwalkRailing_Straight_LG.fbx,Not started,,"Railing along the front edge, 1.1 m tall. Handrail must be grab-able (zero-G handhold socket)."
SM_STR_CatwalkRailing_Corner_LG,STR-023,block.structure.catwalk_railing,Catwalk Railing,Corner,STR,Walkways,LG,1×1×1,2.50x2.50x2.50,T1,IND,S,60,200,0,small_tube:6; construction_component:1,800,400,160,48,2,2,Shared trim sheet only (no unique maps),512,bottom,,SOCKET_Interact_Front_01,,,S,assets/parts/structure/SM_STR_CatwalkRailing_Corner_LG.blend,export/parts/structure/SM_STR_CatwalkRailing_Corner_LG.fbx,Not started,,"Railing along the front edge, 1.1 m tall. Handrail must be grab-able (zero-G handhold socket)."
SM_STR_CatwalkRailing_StairAligned_LG,STR-023,block.structure.catwalk_railing,Catwalk Railing,Stair-Aligned,STR,Walkways,LG,1×1×1,2.50x2.50x2.50,T1,IND,S,60,200,0,small_tube:6; construction_component:1,800,400,160,48,2,2,Shared trim sheet only (no unique maps),512,bottom,,SOCKET_Interact_Front_01,,,S,assets/parts/structure/SM_STR_CatwalkRailing_StairAligned_LG.blend,export/parts/structure/SM_STR_CatwalkRailing_StairAligned_LG.fbx,Not started,,"Railing along the front edge, 1.1 m tall. Handrail must be grab-able (zero-G handhold socket)."
SM_STR_Stairs_LG,STR-024,block.structure.stairs,Stairs,,STR,Walkways,LG,1×1×1,2.50x2.50x2.50,T1,IND,M,900,1200,0,steel_plate:10; construction_component:8; small_tube:4,4000,2000,800,240,3,6,Trim sheets + one 1K unique atlas,512,bottom back front,,,,,S,assets/parts/structure/SM_STR_Stairs_LG.blend,export/parts/structure/SM_STR_Stairs_LG.fbx,Not started,,"10 steps, 0.25 m rise each. Open underside (hiding spot) with a cross-brace. Collision is a ramp, not steps."
SM_STR_Ramp_LG,STR-025,block.structure.ramp,Ramp,,STR,Walkways,LG,1×1×2,2.50x2.50x5.00,T1,IND,S,1000,1500,0,steel_plate:14; construction_component:4,800,400,160,48,2,2,Shared trim sheet only (no unique maps),512,bottom back front,,,,,M,assets/parts/structure/SM_STR_Ramp_LG.blend,export/parts/structure/SM_STR_Ramp_LG.fbx,Not started,,Anti-slip tread plate trim. Collision matches the visible surface exactly (vehicles).
SM_STR_Window1x1_LG,STR-026,block.structure.window_1x1,Window 1×1,,STR,Windows,LG,1×1×1,2.50x2.50x2.50,T1,IND,S,400,450,0,girder:8; glass_panel:20; steel_plate:4,800,400,160,48,2,2,Shared trim sheet only (no unique maps),512,front back left right top bottom,front back left right top bottom,,,,S,assets/parts/structure/SM_STR_Window1x1_LG.blend,export/parts/structure/SM_STR_Window1x1_LG.fbx,Not started,,Frame 0.3 m deep (LG). Glass is a separate material slot with a 'Crack' parameter (0–3) and interior-side reflection. Two-sided frame detail.
SM_STR_Window1x1_SG,STR-026,block.structure.window_1x1,Window 1×1,,STR,Windows,SG,1×1×1,0.50x0.50x0.50,T1,IND,S,20,40,0,girder:1; glass_panel:2,300,150,60,18,2,2,Shared trim sheet only (no unique maps),1024,front back left right top bottom,front back left right top bottom,,,,XS,assets/parts/structure/SM_STR_Window1x1_SG.blend,export/parts/structure/SM_STR_Window1x1_SG.fbx,Not started,,Frame 0.3 m deep (LG). Glass is a separate material slot with a 'Crack' parameter (0–3) and interior-side reflection. Two-sided frame detail.
SM_STR_Window1x2_LG,STR-027,block.structure.window_1x2,Window 1×2,,STR,Windows,LG,1×2×1,2.50x5.00x2.50,T1,IND,S,800,900,0,girder:16; glass_panel:40; steel_plate:8,800,400,160,48,2,2,Shared trim sheet only (no unique maps),512,front back left right top bottom,front back left right top bottom,,,,M,assets/parts/structure/SM_STR_Window1x2_LG.blend,export/parts/structure/SM_STR_Window1x2_LG.fbx,Not started,,One central mullion. Shares the 1×1 frame trim so rows of mixed windows line up.
SM_STR_Window1x2_SG,STR-027,block.structure.window_1x2,Window 1×2,,STR,Windows,SG,1×2×1,0.50x1.00x0.50,T1,IND,S,40,80,0,girder:2; glass_panel:4,300,150,60,18,2,2,Shared trim sheet only (no unique maps),1024,front back left right top bottom,front back left right top bottom,,,,S,assets/parts/structure/SM_STR_Window1x2_SG.blend,export/parts/structure/SM_STR_Window1x2_SG.fbx,Not started,,One central mullion. Shares the 1×1 frame trim so rows of mixed windows line up.
SM_STR_WindowSlope_LG,STR-028,block.structure.window_slope,Window Slope,,STR,Windows,LG,1×1×1,2.50x2.50x2.50,T1,IND,S,500,550,0,girder:10; glass_panel:24; steel_plate:6,800,400,160,48,2,2,Shared trim sheet only (no unique maps),512,back bottom left right,front back left right top bottom,,,,S,assets/parts/structure/SM_STR_WindowSlope_LG.blend,export/parts/structure/SM_STR_WindowSlope_LG.fbx,Not started,,Glass on the sloped face; solid triangular side frames.
SM_STR_WindowSlope_SG,STR-028,block.structure.window_slope,Window Slope,,STR,Windows,SG,1×1×1,0.50x0.50x0.50,T1,IND,S,25,50,0,girder:1; glass_panel:2,300,150,60,18,2,2,Shared trim sheet only (no unique maps),1024,back bottom left right,front back left right top bottom,,,,XS,assets/parts/structure/SM_STR_WindowSlope_SG.blend,export/parts/structure/SM_STR_WindowSlope_SG.fbx,Not started,,Glass on the sloped face; solid triangular side frames.
SM_STR_ObservationDome_LG,STR-029,block.structure.observation_dome,Observation Dome,,STR,Windows,LG,3×2×3,7.50x5.00x7.50,T2,IND,L,3600,2500,0,girder:40; glass_panel:120; steel_plate:30,12000,6000,2400,720,3,12,Trim sheets + one 2K unique atlas,512,bottom,front back left right top bottom,SOCKET_Seat_Center_01 SOCKET_Seat_Center_02 SOCKET_Seat_Center_03 SOCKET_Seat_Center_04 SOCKET_Light_Top_01,,,M,assets/parts/structure/SM_STR_ObservationDome_LG.blend,export/parts/structure/SM_STR_ObservationDome_LG.fbx,Not started,,"Geodesic hex frame on a 3×3 base ring, 5 m tall. Interior floor lip at 0.2 m with 4 built-in seat slots. Needs a planar-reflection probe socket at the center."
SM_STR_InteriorWall_Plain_LG,STR-030,block.structure.interior_wall,Interior Wall,Plain,STR,Interior,LG,1×1×1,2.50x2.50x2.50,T1,IND,S,150,300,0,interior_plate:10; construction_component:4,800,400,160,48,2,2,Shared trim sheet only (no unique maps),512,back bottom top left right,back,,,,S,assets/parts/structure/SM_STR_InteriorWall_Plain_LG.blend,export/parts/structure/SM_STR_InteriorWall_Plain_LG.fbx,Not started,,0.15 m thick against the back face. Both sides detailed; cable-tray and outlet decals.
SM_STR_InteriorWall_Paneled_LG,STR-030,block.structure.interior_wall,Interior Wall,Paneled,STR,Interior,LG,1×1×1,2.50x2.50x2.50,T1,IND,S,150,300,0,interior_plate:10; construction_component:4,800,400,160,48,2,2,Shared trim sheet only (no unique maps),512,back bottom top left right,back,,,,S,assets/parts/structure/SM_STR_InteriorWall_Paneled_LG.blend,export/parts/structure/SM_STR_InteriorWall_Paneled_LG.fbx,Not started,,0.15 m thick against the back face. Both sides detailed; cable-tray and outlet decals.
SM_STR_InteriorWall_InteriorGlass_LG,STR-030,block.structure.interior_wall,Interior Wall,Interior Glass,STR,Interior,LG,1×1×1,2.50x2.50x2.50,T1,IND,S,150,300,0,interior_plate:6; glass_panel:6,800,400,160,48,2,2,Shared trim sheet only (no unique maps),512,back bottom top left right,back,,,,S,assets/parts/structure/SM_STR_InteriorWall_InteriorGlass_LG.blend,export/parts/structure/SM_STR_InteriorWall_InteriorGlass_LG.fbx,Not started,,0.15 m thick against the back face. Both sides detailed; cable-tray and outlet decals.
SM_STR_InteriorWall_DoorwayFrame_LG,STR-030,block.structure.interior_wall,Interior Wall,Doorway Frame,STR,Interior,LG,1×1×1,2.50x2.50x2.50,T1,IND,S,150,300,0,interior_plate:10; construction_component:4,800,400,160,48,2,2,Shared trim sheet only (no unique maps),512,back bottom top left right,back,,,,S,assets/parts/structure/SM_STR_InteriorWall_DoorwayFrame_LG.blend,export/parts/structure/SM_STR_InteriorWall_DoorwayFrame_LG.fbx,Not started,,0.15 m thick against the back face. Both sides detailed; cable-tray and outlet decals.
SM_STR_InteriorPillar_LG,STR-031,block.structure.interior_pillar,Interior Pillar,,STR,Interior,LG,1×1×1,2.50x2.50x2.50,T1,IND,S,100,300,0,interior_plate:6; small_tube:2,800,400,160,48,2,2,Shared trim sheet only (no unique maps),512,top bottom,,,,Optional light strip (room lighting color),S,assets/parts/structure/SM_STR_InteriorPillar_LG.blend,export/parts/structure/SM_STR_InteriorPillar_LG.fbx,Not started,,"0.4 m square column, centered. Optional light-strip emissive."
SM_STR_CeilingPanel_LG,STR-032,block.structure.ceiling_panel,Ceiling Panel,,STR,Interior,LG,1×1×1,2.50x2.50x2.50,T1,IND,S,120,250,0,interior_plate:8; construction_component:2,800,400,160,48,2,2,Shared trim sheet only (no unique maps),512,top,,SOCKET_Light_Bottom_01,,,S,assets/parts/structure/SM_STR_CeilingPanel_LG.blend,export/parts/structure/SM_STR_CeilingPanel_LG.fbx,Not started,,0.2 m thick against the top face. Includes an optional recessed light slot.
SM_DOR_ScrapDoor_LG,DOR-001,block.doors.scrap_door,Scrap Door,,DOR,Survivor Doors,LG,1×1×1,2.50x2.50x2.50,T0,SCR,M,250,400,0,scrap_metal:15; duct_tape:2,4000,2000,800,240,3,6,Trim sheets + one 1K unique atlas,512,front back left right top bottom,,SOCKET_Interact_Front_01 SOCKET_Interact_Back_01 SOCKET_Door_Left_01,"Door leaf: hinged swing 100° around the left edge, 0.9 s (manual)",,S,assets/parts/doors/SM_DOR_ScrapDoor_LG.blend,export/parts/doors/SM_DOR_ScrapDoor_LG.fbx,Not started,,"Visible hinges are welded bolts. Door leaf has three damage states (dented, bent, hanging)."
SM_DOR_BlastShutter_LG,DOR-002,block.doors.blast_shutter,Blast Shutter,,DOR,Survivor Doors,LG,1×1×1,2.50x2.50x2.50,T0,SCR,M,600,1500,0,scrap_metal:25; motor:1,4000,2000,800,240,3,6,Trim sheets + one 1K unique atlas,512,front back left right top bottom,,SOCKET_Interact_Front_01 SOCKET_Door_Top_01,"Shutter slats: roll up into the top housing (2.2 m travel, 3 s)",,S,assets/parts/doors/SM_DOR_BlastShutter_LG.blend,export/parts/doors/SM_DOR_BlastShutter_LG.fbx,Not started,,Slats are one skinned strip or 12 separate slats driven by a curve. Hand crank on the right side.
SM_DOR_Door_LG,DOR-003,block.doors.door,Door,,DOR,Doors,LG,1×1×1,2.50x2.50x2.50,T1,IND,M,350,800,-0.5,interior_plate:10; construction_component:20; motor:2; display:1,4000,2000,800,240,3,6,Trim sheets + one 1K unique atlas,512,front back left right top bottom,front back left right top bottom,SOCKET_Interact_Front_01 SOCKET_Interact_Back_01 SOCKET_Door_Center_01,"Door leaves ×2: slide ±Y 1.0 m, 0.8 s",Frame status strip: green open / red locked / amber cycling,S,assets/parts/doors/SM_DOR_Door_LG.blend,export/parts/doors/SM_DOR_Door_LG.fbx,Not started,,1.2 × 2.2 m opening. Leaves fully hidden in the frame when open. Pressure seal detail on the leading edges.
SM_DOR_DoubleDoor_LG,DOR-004,block.doors.double_door,Double Door,,DOR,Doors,LG,2×1×1,5.00x2.50x2.50,T1,IND,M,700,1400,-1,interior_plate:20; construction_component:36; motor:4; display:1,4000,2000,800,240,3,6,Trim sheets + one 1K unique atlas,512,front back left right top bottom,front back left right top bottom,SOCKET_Interact_Front_01 SOCKET_Interact_Back_01 SOCKET_Door_Center_01,"Door leaves ×2: slide ±Y 2.2 m, 1.1 s",Frame status strip,M,assets/parts/doors/SM_DOR_DoubleDoor_LG.blend,export/parts/doors/SM_DOR_DoubleDoor_LG.fbx,Not started,,2.4 × 2.2 m opening.
SM_DOR_Hatch_LG,DOR-005,block.doors.hatch,Hatch,,DOR,Doors,LG,1×1×1,2.50x2.50x2.50,T1,IND,M,500,900,-0.5,steel_plate:12; construction_component:10; motor:2,4000,2000,800,240,3,6,Trim sheets + one 1K unique atlas,512,front back left right top bottom,front back left right top bottom,SOCKET_Interact_Top_01 SOCKET_Interact_Bottom_01 SOCKET_Door_Center_01,"Hatch leaf: hinge 110°, 1.0 s",Ring status light,S,assets/parts/doors/SM_DOR_Hatch_LG.blend,export/parts/doors/SM_DOR_Hatch_LG.fbx,Not started,,Ladder rungs integrated on the underside (LG).
SM_DOR_Hatch_SG,DOR-005,block.doors.hatch,Hatch,,DOR,Doors,SG,3×1×3,1.50x0.50x1.50,T1,IND,M,120,200,-0.1,steel_plate:3; construction_component:2; motor:1,1500,750,300,90,3,6,Trim sheets + one 1K unique atlas,1024,front back left right top bottom,front back left right top bottom,SOCKET_Interact_Top_01 SOCKET_Interact_Bottom_01 SOCKET_Door_Center_01,"Hatch leaf: hinge 110°, 1.0 s",Ring status light,S,assets/parts/doors/SM_DOR_Hatch_SG.blend,export/parts/doors/SM_DOR_Hatch_SG.fbx,Not started,,Ladder rungs integrated on the underside (LG).
SM_DOR_AirlockModule_LG,DOR-006,block.doors.airlock_module,Airlock Module,,DOR,Airlocks,LG,1×1×2,2.50x2.50x5.00,T2,IND,L,1800,3000,-40,steel_plate:40; interior_plate:20; construction_component:30; motor:6; computer:4; display:2,12000,6000,2400,720,3,12,Trim sheets + one 2K unique atlas,512,front back left right top bottom,front back left right top bottom,SOCKET_Interact_Front_01 SOCKET_Interact_Back_01 SOCKET_Air_Top_01 SOCKET_Door_Front_01 SOCKET_Door_Back_01,"Outer door: slide +Z 2.2 m, 0.8 s | Inner door: slide +Z 2.2 m, 0.8 s",Cycle light (red/amber/green) | Pressure gauge screen,M,assets/parts/doors/SM_DOR_AirlockModule_LG.blend,export/parts/doors/SM_DOR_AirlockModule_LG.fbx,Not started,,"Interior chamber 1.6 m wide. The chamber must feel tight: handholds, stencils, a scuffed floor."
SM_DOR_VehicleAirlock_LG,DOR-007,block.doors.vehicle_airlock,Vehicle Airlock,,DOR,Airlocks,LG,3×2×3,7.50x5.00x7.50,T2,IND,XL,12000,9000,-150,steel_plate:180; construction_component:120; motor:20; computer:10; display:4,40000,20000,8000,2400,4,24,4K unique texture set + trim sheets,512,front back left right top bottom,front back left right top bottom,SOCKET_Interact_Left_01 SOCKET_Air_Top_01 SOCKET_Air_Top_02 SOCKET_Light_Top_01 SOCKET_Light_Top_02 SOCKET_Light_Top_03 SOCKET_Light_Top_04,"Outer door: segmented, rises 5 m, 3 s | Inner door: segmented, rises 5 m, 3 s",Cycle lights | Floor guide strips,M,assets/parts/doors/SM_DOR_VehicleAirlock_LG.blend,export/parts/doors/SM_DOR_VehicleAirlock_LG.fbx,Not started,,"Interior 7 × 5 × 7 m. Tire-scuffed floor decals, tie-down points."
SM_DOR_DecontaminationAirlock_LG,DOR-008,block.doors.decontamination_airlock,Decontamination Airlock,,DOR,Airlocks,LG,1×1×2,2.50x2.50x5.00,T2,IND,L,2000,3000,-60,steel_plate:40; interior_plate:20; motor:6; computer:4; filter_mesh:10; medical_component:4,12000,6000,2400,720,3,12,Trim sheets + one 2K unique atlas,512,front back left right top bottom,front back left right top bottom,SOCKET_Interact_Front_01 SOCKET_Interact_Back_01 SOCKET_Air_Top_01 SOCKET_Water_Bottom_01,Outer and inner doors (as Airlock Module) | Spray arms ×4 rotate 60°,UV lamp strips (violet) | Cycle light,M,assets/parts/doors/SM_DOR_DecontaminationAirlock_LG.blend,export/parts/doors/SM_DOR_DecontaminationAirlock_LG.fbx,Not started,,Medical white-and-hazard-yellow variant of the Airlock Module; shares the door meshes.
SM_DOR_BlastDoorPanel_LG,DOR-009,block.doors.blast_door_panel,Blast Door Panel,,DOR,Heavy Doors,LG,1×1×1,2.50x2.50x2.50,T2,IND,M,4000,9000,-0.2,steel_plate:120; metal_grid:40; motor:4; construction_component:20,4000,2000,800,240,3,6,Trim sheets + one 1K unique atlas,512,front back left right top bottom,front back left right top bottom,SOCKET_Interact_Front_01,"Door slab: slides down into the floor pocket 2.5 m (or up), 4 s | Locking bolts ×4: retract 0.2 m",Hazard strobe while moving,S,assets/parts/doors/SM_DOR_BlastDoorPanel_LG.blend,export/parts/doors/SM_DOR_BlastDoorPanel_LG.fbx,Not started,,Edge-matching on all four sides; the frame is a separate 'frame' mesh auto-placed on exposed edges.
SM_DOR_HangarDoorSegment_LG,DOR-010,block.doors.hangar_door_segment,Hangar Door Segment,,DOR,Heavy Doors,LG,1×1×1,2.50x2.50x2.50,T2,IND,S,900,2200,-0.5,steel_plate:30; construction_component:10; motor:1,800,400,160,48,2,2,Shared trim sheet only (no unique maps),512,front back left right top bottom,front back left right top bottom,,"Segment: hinges and folds upward into the stack above, 0.6 s per segment",Edge warning lights,S,assets/parts/doors/SM_DOR_HangarDoorSegment_LG.blend,export/parts/doors/SM_DOR_HangarDoorSegment_LG.fbx,Not started,,Horizontal ribbing; segment edges interlock visually.
SM_DOR_HangarDoorSegment_SG,DOR-010,block.doors.hangar_door_segment,Hangar Door Segment,,DOR,Heavy Doors,SG,1×1×1,0.50x0.50x0.50,T2,IND,S,40,120,-0.05,steel_plate:2; motor:1,300,150,60,18,2,2,Shared trim sheet only (no unique maps),1024,front back left right top bottom,front back left right top bottom,,"Segment: hinges and folds upward into the stack above, 0.6 s per segment",Edge warning lights,XS,assets/parts/doors/SM_DOR_HangarDoorSegment_SG.blend,export/parts/doors/SM_DOR_HangarDoorSegment_SG.fbx,Not started,,Horizontal ribbing; segment edges interlock visually.
SM_DOR_CargoRamp_LG,DOR-011,block.doors.cargo_ramp,Cargo Ramp,,DOR,Heavy Doors,LG,3×1×2,7.50x2.50x5.00,T2,IND,L,3000,4500,-5,steel_plate:60; motor:6; construction_component:20,12000,6000,2400,720,3,12,Trim sheets + one 2K unique atlas,512,back left right,front back left right top bottom,SOCKET_Interact_Left_01,"Ramp: hinges at the back edge, lowers 100°, 3 s | Hydraulic rams ×2",Edge lights,M,assets/parts/doors/SM_DOR_CargoRamp_LG.blend,export/parts/doors/SM_DOR_CargoRamp_LG.fbx,Not started,,Tread plate on the walking face; underside ribbed.
SM_DOR_CargoRamp_SG,DOR-011,block.doors.cargo_ramp,Cargo Ramp,,DOR,Heavy Doors,SG,5×1×6,2.50x0.50x3.00,T2,IND,L,350,600,-1,steel_plate:10; motor:2,5000,2500,1000,300,3,12,Trim sheets + one 2K unique atlas,1024,back left right,front back left right top bottom,SOCKET_Interact_Left_01,"Ramp: hinges at the back edge, lowers 100°, 3 s | Hydraulic rams ×2",Edge lights,M,assets/parts/doors/SM_DOR_CargoRamp_SG.blend,export/parts/doors/SM_DOR_CargoRamp_SG.fbx,Not started,,Tread plate on the walking face; underside ribbed.
SM_DOR_Ladder_LG,DOR-012,block.doors.ladder,Ladder,,DOR,Access,LG,1×1×1,2.50x2.50x2.50,T0,IND,S,80,200,0,small_tube:6; construction_component:2,800,400,160,48,2,2,Shared trim sheet only (no unique maps),512,back,,SOCKET_Interact_Front_01,,,S,assets/parts/doors/SM_DOR_Ladder_LG.blend,export/parts/doors/SM_DOR_Ladder_LG.fbx,Not started,,Rungs every 0.3 m; stand-off brackets 0.2 m from the wall.
SM_DOR_Ladder_SG,DOR-012,block.doors.ladder,Ladder,,DOR,Access,SG,1×1×1,0.50x0.50x0.50,T0,IND,S,5.0,30,0,small_tube:1,300,150,60,18,2,2,Shared trim sheet only (no unique maps),1024,back,,SOCKET_Interact_Front_01,,,XS,assets/parts/doors/SM_DOR_Ladder_SG.blend,export/parts/doors/SM_DOR_Ladder_SG.fbx,Not started,,Rungs every 0.3 m; stand-off brackets 0.2 m from the wall.
SM_DOR_ElevatorShaft_LG,DOR-013,block.doors.elevator_shaft,Elevator Shaft,,DOR,Access,LG,1×1×1,2.50x2.50x2.50,T2,IND,S,700,1500,0,steel_plate:12; girder:8; construction_component:6,800,400,160,48,2,2,Shared trim sheet only (no unique maps),512,top bottom back left right,,,,,S,assets/parts/doors/SM_DOR_ElevatorShaft_LG.blend,export/parts/doors/SM_DOR_ElevatorShaft_LG.fbx,Not started,,"Guide rails on the back face, cable detail, floor-number decal slot on the front."
SM_DOR_ElevatorCar_LG,DOR-014,block.doors.elevator_car,Elevator Car,,DOR,Access,LG,1×1×1,2.50x2.50x2.50,T2,IND,M,900,1200,-8,steel_plate:10; interior_plate:10; motor:4; computer:1; display:1,4000,2000,800,240,3,6,Trim sheets + one 1K unique atlas,512,,,SOCKET_Interact_Center_01 SOCKET_Light_Top_01,Car: travels along the shaft at 3 m/s | Car doors: slide ±Y 0.6 m,Floor display | Ceiling light,S,assets/parts/doors/SM_DOR_ElevatorCar_LG.blend,export/parts/doors/SM_DOR_ElevatorCar_LG.fbx,Not started,,Interior-only car; the exterior is hidden by the shaft.
SM_DOR_ChainLinkGate_Plain_LG,DOR-015,block.doors.chain_link_gate,Chain-Link Gate,Plain,DOR,Survivor Doors,LG,2×1×1,5.00x2.50x2.50,T0,SCR,M,180,500,0,scrap_metal:10; small_tube:6,4000,2000,800,240,3,6,Trim sheets + one 1K unique atlas,512,bottom left right,,SOCKET_Interact_Front_01 SOCKET_Interact_Back_01,"Gate: slides ±Y 2.4 m on wheels, 2 s",,M,assets/parts/doors/SM_DOR_ChainLinkGate_Plain_LG.blend,export/parts/doors/SM_DOR_ChainLinkGate_Plain_LG.fbx,Not started,,Chain-link mesh uses the masked fence material; razor-wire top optional (variant).
SM_DOR_ChainLinkGate_RazorWire_LG,DOR-015,block.doors.chain_link_gate,Chain-Link Gate,Razor Wire,DOR,Survivor Doors,LG,2×1×1,5.00x2.50x2.50,T0,SCR,M,180,500,0,scrap_metal:14; small_tube:6,4000,2000,800,240,3,6,Trim sheets + one 1K unique atlas,512,bottom left right,,SOCKET_Interact_Front_01 SOCKET_Interact_Back_01,"Gate: slides ±Y 2.4 m on wheels, 2 s",,M,assets/parts/doors/SM_DOR_ChainLinkGate_RazorWire_LG.blend,export/parts/doors/SM_DOR_ChainLinkGate_RazorWire_LG.fbx,Not started,,Chain-link mesh uses the masked fence material; razor-wire top optional (variant).
SM_PWR_DieselGenerator_LG,PWR-001,block.power.diesel_generator,Diesel Generator,,PWR,Generation,LG,1×1×1,2.50x2.50x2.50,T0,SCR,M,900,1200,60,scrap_metal:30; motor:4; wiring_bundle:6,4000,2000,800,240,3,6,Trim sheets + one 1K unique atlas,512,bottom back,,SOCKET_Interact_Front_01 SOCKET_Fuel_Left_01 SOCKET_VfxSmoke_Top_01 SOCKET_Audio_Center_01,"Cooling fan: spins 1,200 rpm when running | Engine block: idle vibration (vertex shader)",Running lamp (amber),S,assets/parts/power/SM_PWR_DieselGenerator_LG.blend,export/parts/power/SM_PWR_DieselGenerator_LG.fbx,Not started,,A salvaged construction-site generator on a welded skid. Fuel canister strapped to the side.
SM_PWR_SolarPanel_LG,PWR-002,block.power.solar_panel,Solar Panel,,PWR,Generation,LG,4×1×2,10.00x2.50x5.00,T1,IND,S,400,600,120,steel_plate:4; construction_component:14; girder:12; computer:4; solar_cell:32; glass_panel:4,800,400,160,48,2,2,Shared trim sheet only (no unique maps),512,bottom,,,,None (cells use a clear-coat anisotropic material),L,assets/parts/power/SM_PWR_SolarPanel_LG.blend,export/parts/power/SM_PWR_SolarPanel_LG.fbx,Not started,,"Panel surface 0.1 m thick on a 0.3 m frame, occupying the bottom of the volume. Cell grid via trim; backside wiring detail."
SM_PWR_SolarPanel_SG,PWR-002,block.power.solar_panel,Solar Panel,,PWR,Generation,SG,4×1×8,2.00x0.50x4.00,T1,IND,S,60,80,12,steel_plate:1; construction_component:2; girder:2; computer:1; solar_cell:6,300,150,60,18,2,2,Shared trim sheet only (no unique maps),1024,bottom,,,,None (cells use a clear-coat anisotropic material),M,assets/parts/power/SM_PWR_SolarPanel_SG.blend,export/parts/power/SM_PWR_SolarPanel_SG.fbx,Not started,,"Panel surface 0.1 m thick on a 0.3 m frame, occupying the bottom of the volume. Cell grid via trim; backside wiring detail."
SM_PWR_TrackingSolarArray_LG,PWR-003,block.power.tracking_solar_array,Tracking Solar Array,,PWR,Generation,LG,3×2×3,7.50x5.00x7.50,T2,IND,L,1600,1400,180,steel_plate:12; construction_component:30; girder:20; motor:4; computer:6; solar_cell:64,12000,6000,2400,720,3,12,Trim sheets + one 2K unique atlas,512,bottom,,SOCKET_Interact_Front_01,Mast head: yaw 360° | Panel wings ×2: pitch 0–80°,,M,assets/parts/power/SM_PWR_TrackingSolarArray_LG.blend,export/parts/power/SM_PWR_TrackingSolarArray_LG.fbx,Not started,,"Wings fold flat for storms. Pivot empties: PART_Yaw at mast top, PART_PitchL/R at wing roots."
SM_PWR_WindTurbine_LG,PWR-004,block.power.wind_turbine,Wind Turbine,,PWR,Generation,LG,3×4×1,7.50x10.00x2.50,T1,IND,L,2600,2000,400,steel_plate:20; construction_component:40; girder:24; motor:8; computer:2,12000,6000,2400,720,3,12,Trim sheets + one 2K unique atlas,512,bottom,,SOCKET_Interact_Bottom_01 SOCKET_Light_Top_01,"Rotor: 3 blades, 7 m diameter, 12–30 rpm | Nacelle: yaws into the wind","Aviation beacon (red, blinking)",L,assets/parts/power/SM_PWR_WindTurbine_LG.blend,export/parts/power/SM_PWR_WindTurbine_LG.fbx,Not started,,Hub height 7.5 m. Blades must stay inside the 7.5 m wide volume at every rotation angle.
SM_PWR_MicroHydroTurbine_LG,PWR-005,block.power.micro_hydro_turbine,Micro-Hydro Turbine,,PWR,Generation,LG,1×1×2,2.50x2.50x5.00,T2,IND,M,3200,2600,2000,steel_plate:30; construction_component:20; motor:12; large_tube:4,4000,2000,800,240,3,6,Trim sheets + one 1K unique atlas,512,front back left right top bottom,,SOCKET_Water_Front_01 SOCKET_Water_Back_01 SOCKET_Interact_Top_01,Runner (impeller): spins with water speed,,M,assets/parts/power/SM_PWR_MicroHydroTurbine_LG.blend,export/parts/power/SM_PWR_MicroHydroTurbine_LG.fbx,Not started,,"Intake grille on the front, draft tube on the back. Algae/wet-grime vertex mask on the lower half."
SM_PWR_Battery_LG,PWR-006,block.power.battery,Battery,,PWR,Storage,LG,1×1×1,2.50x2.50x2.50,T1,IND,M,3800,2500,0,steel_plate:80; construction_component:30; power_cell:80; computer:25,4000,2000,800,240,3,6,Trim sheets + one 1K unique atlas,512,front back left right top bottom,front back left right top bottom,SOCKET_Interact_Front_01,,Charge bars ×5 (front) | Mode lamp: charge/discharge/auto,S,assets/parts/power/SM_PWR_Battery_LG.blend,export/parts/power/SM_PWR_Battery_LG.fbx,Not started,,Cell stacks visible behind a grille on the front. Emissive bars driven by a 0–1 'Charge' parameter.
SM_PWR_Battery_SG,PWR-006,block.power.battery,Battery,,PWR,Storage,SG,1×1×1,0.50x0.50x0.50,T1,IND,M,90,150,0,steel_plate:2; construction_component:2; power_cell:2; computer:2,1500,750,300,90,3,6,Trim sheets + one 1K unique atlas,1024,front back left right top bottom,front back left right top bottom,SOCKET_Interact_Front_01,,Charge bars ×5 (front) | Mode lamp: charge/discharge/auto,XS,assets/parts/power/SM_PWR_Battery_SG.blend,export/parts/power/SM_PWR_Battery_SG.fbx,Not started,,Cell stacks visible behind a grille on the front. Emissive bars driven by a 0–1 'Charge' parameter.
SM_PWR_HydrogenEngine_LG,PWR-007,block.power.hydrogen_engine,Hydrogen Engine,,PWR,Generation,LG,1×1×2,2.50x2.50x5.00,T2,IND,M,4800,3500,5000,steel_plate:80; construction_component:30; large_tube:12; motor:12; computer:4; power_cell:1,4000,2000,800,240,3,6,Trim sheets + one 1K unique atlas,512,front back left right top bottom,,SOCKET_Fuel_Back_01 SOCKET_VfxExhaust_Top_01 SOCKET_Interact_Front_01,Turbine fan: spins with load,Combustion window glow,M,assets/parts/power/SM_PWR_HydrogenEngine_LG.blend,export/parts/power/SM_PWR_HydrogenEngine_LG.fbx,Not started,,Visible combustion chamber through a small heat-glass window.
SM_PWR_HydrogenEngine_SG,PWR-007,block.power.hydrogen_engine,Hydrogen Engine,,PWR,Generation,SG,1×1×2,0.50x0.50x1.00,T2,IND,M,450,400,500,steel_plate:12; construction_component:4; large_tube:2; motor:2; computer:1; power_cell:1,1500,750,300,90,3,6,Trim sheets + one 1K unique atlas,1024,front back left right top bottom,,SOCKET_Fuel_Back_01 SOCKET_VfxExhaust_Top_01 SOCKET_Interact_Front_01,Turbine fan: spins with load,Combustion window glow,S,assets/parts/power/SM_PWR_HydrogenEngine_SG.blend,export/parts/power/SM_PWR_HydrogenEngine_SG.fbx,Not started,,Visible combustion chamber through a small heat-glass window.
SM_PWR_FissionReactor_LG,PWR-008,block.power.fission_reactor,Fission Reactor,,PWR,Generation,LG,1×1×1,2.50x2.50x2.50,T2,IND,M,7000,4000,15000,steel_plate:80; construction_component:40; metal_grid:10; large_tube:8; reactor_component:100; motor:6; computer:25,4000,2000,800,240,3,6,Trim sheets + one 1K unique atlas,512,front back left right top bottom,front back left right top bottom,SOCKET_Interact_Front_01 SOCKET_ConveyorLarge_Back_01,,Core viewport (Cherenkov blue) | Status lights,S,assets/parts/power/SM_PWR_FissionReactor_LG.blend,export/parts/power/SM_PWR_FissionReactor_LG.fbx,Not started,,Radiation trefoil stencils. A blue viewport onto the core is the recognizable feature.
SM_PWR_FissionReactor_SG,PWR-008,block.power.fission_reactor,Fission Reactor,,PWR,Generation,SG,1×1×1,0.50x0.50x0.50,T2,IND,M,400,500,500,steel_plate:12; construction_component:6; metal_grid:2; large_tube:1; reactor_component:15; motor:1; computer:4,1500,750,300,90,3,6,Trim sheets + one 1K unique atlas,1024,front back left right top bottom,front back left right top bottom,SOCKET_Interact_Front_01 SOCKET_ConveyorLarge_Back_01,,Core viewport (Cherenkov blue) | Status lights,XS,assets/parts/power/SM_PWR_FissionReactor_SG.blend,export/parts/power/SM_PWR_FissionReactor_SG.fbx,Not started,,Radiation trefoil stencils. A blue viewport onto the core is the recognizable feature.
SM_PWR_LargeFissionReactor_LG,PWR-009,block.power.large_fission_reactor,Large Fission Reactor,,PWR,Generation,LG,3×3×3,7.50x7.50x7.50,T3,IND,XL,70000,7000,60000,steel_plate:1000; construction_component:70; metal_grid:40; large_tube:40; reactor_component:2000; motor:20; computer:75,40000,20000,8000,2400,4,24,4K unique texture set + trim sheets,512,front back left right top bottom,front back left right top bottom,SOCKET_Interact_Front_01 SOCKET_ConveyorLarge_Back_01 SOCKET_Work_Front_01,Control rods ×6: rise/fall with output,Core viewport | Rod position lights,M,assets/parts/power/SM_PWR_LargeFissionReactor_LG.blend,export/parts/power/SM_PWR_LargeFissionReactor_LG.fbx,Not started,,Cylindrical containment inside a square frame; walkway ring around the top.
SM_PWR_He3FusionReactor_LG,PWR-010,block.power.he_3_fusion_reactor,He-3 Fusion Reactor,,PWR,Generation,LG,3×3×3,7.50x7.50x7.50,T3,IND,XL,28000,5000,80000,steel_plate:400; construction_component:120; large_tube:40; superconductor:120; reactor_component:400; computer:60; motor:24,40000,20000,8000,2400,4,24,4K unique texture set + trim sheets,512,front back left right top bottom,front back left right top bottom,SOCKET_Interact_Front_01 SOCKET_ConveyorLarge_Back_01 SOCKET_Work_Front_01,Magnetic rings ×2: counter-rotate | Plasma: animated emissive torus,Plasma torus (magenta-white) | Ring status lights,M,assets/parts/power/SM_PWR_He3FusionReactor_LG.blend,export/parts/power/SM_PWR_He3FusionReactor_LG.fbx,Not started,,Tokamak torus visible through four viewports. The rings' motion must be readable from 30 m.
SM_PWR_RadiatorPanel_LG,PWR-011,block.power.radiator_panel,Radiator Panel,,PWR,Thermal,LG,1×1×1,2.50x2.50x2.50,T3,IND,M,1200,800,0,steel_plate:10; large_tube:10; construction_component:6; motor:2,4000,2000,800,240,3,6,Trim sheets + one 1K unique atlas,512,back,,,"Fins: fold out from the housing to 3× area, 2 s",Fin heat glow (dull red → orange with heat),S,assets/parts/power/SM_PWR_RadiatorPanel_LG.blend,export/parts/power/SM_PWR_RadiatorPanel_LG.fbx,Not started,,"Folded state fits the cell; deployed fins extend 5 m (LG) beyond it (excluded from the placement bounds, included in collision when deployed)."
SM_PWR_RadiatorPanel_SG,PWR-011,block.power.radiator_panel,Radiator Panel,,PWR,Thermal,SG,2×1×4,1.00x0.50x2.00,T3,IND,M,120,100,0,steel_plate:2; large_tube:2; construction_component:1; motor:1,1500,750,300,90,3,6,Trim sheets + one 1K unique atlas,1024,back,,,"Fins: fold out from the housing to 3× area, 2 s",Fin heat glow (dull red → orange with heat),S,assets/parts/power/SM_PWR_RadiatorPanel_SG.blend,export/parts/power/SM_PWR_RadiatorPanel_SG.fbx,Not started,,"Folded state fits the cell; deployed fins extend 5 m (LG) beyond it (excluded from the placement bounds, included in collision when deployed)."
SM_PWR_HeatSink_LG,PWR-012,block.power.heat_sink,Heat Sink,,PWR,Thermal,LG,1×1×1,2.50x2.50x2.50,T3,IND,M,5000,3000,0,steel_plate:30; superconductor:10; large_tube:6,4000,2000,800,240,3,6,Trim sheets + one 1K unique atlas,512,front back left right top bottom,front back left right top bottom,,,Heat gauge strip,S,assets/parts/power/SM_PWR_HeatSink_LG.blend,export/parts/power/SM_PWR_HeatSink_LG.fbx,Not started,,Dense ribbed block with a heat-gauge strip; ribs glow faintly when near capacity.
SM_PWR_PowerDistributionPanel_LG,PWR-013,block.power.power_distribution_panel,Power Distribution Panel,,PWR,Distribution,LG,1×1×1,2.50x2.50x2.50,T1,IND,M,200,400,0,interior_plate:6; construction_component:6; computer:2; display:1,4000,2000,800,240,3,6,Trim sheets + one 1K unique atlas,512,back,,SOCKET_Interact_Front_01 SOCKET_Lcd_Front_01,Breaker switches ×12: toggle,Breaker LEDs ×12 | Load meter screen,S,assets/parts/power/SM_PWR_PowerDistributionPanel_LG.blend,export/parts/power/SM_PWR_PowerDistributionPanel_LG.fbx,Not started,,"Wall-mounted box, 0.3 m deep. Labels printed per priority group; the door opens 110°."
SM_LIF_RainCollectorAndPurifier_LG,LIF-001,block.lifesupport.rain_collector_and_purifier,Rain Collector & Purifier,,LIF,Water,LG,1×1×1,2.50x2.50x2.50,T0,SCR,M,150,300,0,scrap_metal:10; fabric:6; duct_tape:2,4000,2000,800,240,3,6,Trim sheets + one 1K unique atlas,512,bottom,,SOCKET_Interact_Front_01 SOCKET_Water_Bottom_01,,,S,assets/parts/lifesupport/SM_LIF_RainCollectorAndPurifier_LG.blend,export/parts/lifesupport/SM_LIF_RainCollectorAndPurifier_LG.fbx,Not started,,Tarp funnel over a blue barrel with a charcoal filter stack; water level visible through a cut-open bottle.
SM_LIF_WaterPurifier_LG,LIF-002,block.lifesupport.water_purifier,Water Purifier,,LIF,Water,LG,1×1×1,2.50x2.50x2.50,T1,IND,M,500,800,-20,steel_plate:10; motor:2; filter_mesh:4; large_tube:2,4000,2000,800,240,3,6,Trim sheets + one 1K unique atlas,512,front back left right top bottom,,SOCKET_Water_Back_01 SOCKET_Water_Front_01 SOCKET_Interact_Front_01,Pump impeller,Purity indicator (green/red),S,assets/parts/lifesupport/SM_LIF_WaterPurifier_LG.blend,export/parts/lifesupport/SM_LIF_WaterPurifier_LG.fbx,Not started,,Clear inspection tube shows water moving.
SM_LIF_WaterTank_LG,LIF-003,block.lifesupport.water_tank,Water Tank,,LIF,Water,LG,1×2×1,2.50x5.00x2.50,T1,IND,S,1200,1500,0,steel_plate:20; large_tube:4; construction_component:4,800,400,160,48,2,2,Shared trim sheet only (no unique maps),512,front back left right top bottom,front back left right top bottom,SOCKET_Water_Bottom_01 SOCKET_Water_Top_01,,Level gauge strip,M,assets/parts/lifesupport/SM_LIF_WaterTank_LG.blend,export/parts/lifesupport/SM_LIF_WaterTank_LG.fbx,Not started,,Vertical cylinder in a square cage frame; the level gauge is a 0–1 parameter.
SM_LIF_WaterTank_SG,LIF-003,block.lifesupport.water_tank,Water Tank,,LIF,Water,SG,1×1×1,0.50x0.50x0.50,T1,IND,S,60,120,0,steel_plate:3; large_tube:1; construction_component:1,300,150,60,18,2,2,Shared trim sheet only (no unique maps),1024,front back left right top bottom,front back left right top bottom,SOCKET_Water_Bottom_01 SOCKET_Water_Top_01,,Level gauge strip,XS,assets/parts/lifesupport/SM_LIF_WaterTank_SG.blend,export/parts/lifesupport/SM_LIF_WaterTank_SG.fbx,Not started,,Vertical cylinder in a square cage frame; the level gauge is a 0–1 parameter.
SM_LIF_WaterRecycler_LG,LIF-004,block.lifesupport.water_recycler,Water Recycler,,LIF,Water,LG,1×1×2,2.50x2.50x5.00,T2,IND,M,1600,1500,-80,steel_plate:20; motor:6; filter_mesh:10; large_tube:6; computer:2,4000,2000,800,240,3,6,Trim sheets + one 1K unique atlas,512,front back left right top bottom,front back left right top bottom,SOCKET_Water_Back_01 SOCKET_Water_Front_01 SOCKET_Interact_Left_01,Centrifuge drum spins,Cycle lights,M,assets/parts/lifesupport/SM_LIF_WaterRecycler_LG.blend,export/parts/lifesupport/SM_LIF_WaterRecycler_LG.fbx,Not started,,Centrifuge drum visible behind a round window.
SM_LIF_OxygenGenerator_LG,LIF-005,block.lifesupport.oxygen_generator,Oxygen Generator,,LIF,Air,LG,1×1×1,2.50x2.50x2.50,T1,IND,M,640,1000,-300,steel_plate:120; construction_component:5; large_tube:2; motor:4; computer:5,4000,2000,800,240,3,6,Trim sheets + one 1K unique atlas,512,front back left right top bottom,front back left right top bottom,SOCKET_ConveyorLarge_Back_01 SOCKET_Air_Top_01 SOCKET_Interact_Front_01,,Output lamp (blue),S,assets/parts/lifesupport/SM_LIF_OxygenGenerator_LG.blend,export/parts/lifesupport/SM_LIF_OxygenGenerator_LG.fbx,Not started,,Ice hopper visible through a frosted window.
SM_LIF_OxygenGenerator_SG,LIF-005,block.lifesupport.oxygen_generator,Oxygen Generator,,LIF,Air,SG,1×1×2,0.50x0.50x1.00,T1,IND,M,120,150,-30,steel_plate:18; construction_component:1; large_tube:1; motor:1; computer:1,1500,750,300,90,3,6,Trim sheets + one 1K unique atlas,1024,front back left right top bottom,front back left right top bottom,SOCKET_ConveyorLarge_Back_01 SOCKET_Air_Top_01 SOCKET_Interact_Front_01,,Output lamp (blue),S,assets/parts/lifesupport/SM_LIF_OxygenGenerator_SG.blend,export/parts/lifesupport/SM_LIF_OxygenGenerator_SG.fbx,Not started,,Ice hopper visible through a frosted window.
SM_LIF_OxygenTank_LG,LIF-006,block.lifesupport.oxygen_tank,Oxygen Tank,,LIF,Air,LG,1×2×1,2.50x5.00x2.50,T1,IND,S,1500,1400,0,steel_plate:80; large_tube:40; small_tube:60; computer:8; construction_component:10,800,400,160,48,2,2,Shared trim sheet only (no unique maps),512,front back left right top bottom,front back left right top bottom,SOCKET_Air_Top_01 SOCKET_ConveyorSmall_Bottom_01,,Fill gauge,M,assets/parts/lifesupport/SM_LIF_OxygenTank_LG.blend,export/parts/lifesupport/SM_LIF_OxygenTank_LG.fbx,Not started,,Blue-banded pressure cylinder (O₂ color code).
SM_LIF_OxygenTank_SG,LIF-006,block.lifesupport.oxygen_tank,Oxygen Tank,,LIF,Air,SG,1×1×1,0.50x0.50x0.50,T1,IND,S,60,120,0,steel_plate:12; large_tube:6; small_tube:9; computer:1; construction_component:2,300,150,60,18,2,2,Shared trim sheet only (no unique maps),1024,front back left right top bottom,front back left right top bottom,SOCKET_Air_Top_01 SOCKET_ConveyorSmall_Bottom_01,,Fill gauge,XS,assets/parts/lifesupport/SM_LIF_OxygenTank_SG.blend,export/parts/lifesupport/SM_LIF_OxygenTank_SG.fbx,Not started,,Blue-banded pressure cylinder (O₂ color code).
SM_LIF_CompactLifeSupportModule_LG,LIF-007,block.lifesupport.compact_life_support_module,Compact Life Support Module,,LIF,Air,LG,1×1×1,2.50x2.50x2.50,T1,DIR,L,1100,1600,-120,steel_plate:20; motor:6; filter_mesh:8; computer:6; medical_component:2,12000,6000,2400,720,3,12,Trim sheets + one 2K unique atlas,512,front back left right top bottom,front back left right top bottom,SOCKET_Air_Top_01 SOCKET_Interact_Front_01,,Directorate status panel (sterile blue),S,assets/parts/lifesupport/SM_LIF_CompactLifeSupportModule_LG.blend,export/parts/lifesupport/SM_LIF_CompactLifeSupportModule_LG.fbx,Not started,,Ships with two skins: Directorate (story salvage) and Industrial (buildable). Directorate skin shows scorch marks from the crash.
SM_LIF_AirVent_LG,LIF-008,block.lifesupport.air_vent,Air Vent,,LIF,Air,LG,1×1×1,2.50x2.50x2.50,T1,IND,S,250,500,-2,steel_plate:15; construction_component:10; motor:2; computer:5,800,400,160,48,2,2,Shared trim sheet only (no unique maps),512,front back left right top bottom,front back left right top bottom,SOCKET_Air_Back_01 SOCKET_Air_Front_01,Louvers ×6: open/close 70°,,S,assets/parts/lifesupport/SM_LIF_AirVent_LG.blend,export/parts/lifesupport/SM_LIF_AirVent_LG.fbx,Not started,,Grille on the front face. Louvers must visibly close when the vent seals (quarantine readability).
SM_LIF_AirVent_SG,LIF-008,block.lifesupport.air_vent,Air Vent,,LIF,Air,SG,1×1×1,0.50x0.50x0.50,T1,IND,S,12,60,-0.2,steel_plate:2; construction_component:2; motor:1; computer:1,300,150,60,18,2,2,Shared trim sheet only (no unique maps),1024,front back left right top bottom,front back left right top bottom,SOCKET_Air_Back_01 SOCKET_Air_Front_01,Louvers ×6: open/close 70°,,XS,assets/parts/lifesupport/SM_LIF_AirVent_SG.blend,export/parts/lifesupport/SM_LIF_AirVent_SG.fbx,Not started,,Grille on the front face. Louvers must visibly close when the vent seals (quarantine readability).
SM_LIF_AirDuct_Straight_LG,LIF-009,block.lifesupport.air_duct,Air Duct,Straight,LIF,Air,LG,1×1×1,2.50x2.50x2.50,T1,IND,S,300,800,0,steel_plate:8; small_tube:6,800,400,160,48,2,2,Shared trim sheet only (no unique maps),512,front back left right top bottom,front back left right top bottom,SOCKET_Air_Front_01 SOCKET_Air_Back_01,,,S,assets/parts/lifesupport/SM_LIF_AirDuct_Straight_LG.blend,export/parts/lifesupport/SM_LIF_AirDuct_Straight_LG.fbx,Not started,,"LG: 1.2 m square crawl tunnel inside an armor shell, with access panels. SG: 0.3 m round pipe. Spores travel through these, so the vent network must be traceable in the Air View."
SM_LIF_AirDuct_Straight_SG,LIF-009,block.lifesupport.air_duct,Air Duct,Straight,LIF,Air,SG,1×1×1,0.50x0.50x0.50,T1,IND,S,8.0,50,0,steel_plate:1; small_tube:1,300,150,60,18,2,2,Shared trim sheet only (no unique maps),1024,front back left right top bottom,front back left right top bottom,SOCKET_Air_Front_01 SOCKET_Air_Back_01,,,XS,assets/parts/lifesupport/SM_LIF_AirDuct_Straight_SG.blend,export/parts/lifesupport/SM_LIF_AirDuct_Straight_SG.fbx,Not started,,"LG: 1.2 m square crawl tunnel inside an armor shell, with access panels. SG: 0.3 m round pipe. Spores travel through these, so the vent network must be traceable in the Air View."
SM_LIF_AirDuct_Corner_LG,LIF-009,block.lifesupport.air_duct,Air Duct,Corner,LIF,Air,LG,1×1×1,2.50x2.50x2.50,T1,IND,S,300,800,0,steel_plate:8; small_tube:6,800,400,160,48,2,2,Shared trim sheet only (no unique maps),512,front back left right top bottom,front back left right top bottom,SOCKET_Air_Front_01 SOCKET_Air_Back_01,,,S,assets/parts/lifesupport/SM_LIF_AirDuct_Corner_LG.blend,export/parts/lifesupport/SM_LIF_AirDuct_Corner_LG.fbx,Not started,,"LG: 1.2 m square crawl tunnel inside an armor shell, with access panels. SG: 0.3 m round pipe. Spores travel through these, so the vent network must be traceable in the Air View."
SM_LIF_AirDuct_Corner_SG,LIF-009,block.lifesupport.air_duct,Air Duct,Corner,LIF,Air,SG,1×1×1,0.50x0.50x0.50,T1,IND,S,8.0,50,0,steel_plate:1; small_tube:1,300,150,60,18,2,2,Shared trim sheet only (no unique maps),1024,front back left right top bottom,front back left right top bottom,SOCKET_Air_Front_01 SOCKET_Air_Back_01,,,XS,assets/parts/lifesupport/SM_LIF_AirDuct_Corner_SG.blend,export/parts/lifesupport/SM_LIF_AirDuct_Corner_SG.fbx,Not started,,"LG: 1.2 m square crawl tunnel inside an armor shell, with access panels. SG: 0.3 m round pipe. Spores travel through these, so the vent network must be traceable in the Air View."
SM_LIF_AirDuct_TJunction_LG,LIF-009,block.lifesupport.air_duct,Air Duct,T-Junction,LIF,Air,LG,1×1×1,2.50x2.50x2.50,T1,IND,S,300,800,0,steel_plate:8; small_tube:6,800,400,160,48,2,2,Shared trim sheet only (no unique maps),512,front back left right top bottom,front back left right top bottom,SOCKET_Air_Front_01 SOCKET_Air_Back_01,,,S,assets/parts/lifesupport/SM_LIF_AirDuct_TJunction_LG.blend,export/parts/lifesupport/SM_LIF_AirDuct_TJunction_LG.fbx,Not started,,"LG: 1.2 m square crawl tunnel inside an armor shell, with access panels. SG: 0.3 m round pipe. Spores travel through these, so the vent network must be traceable in the Air View."
SM_LIF_AirDuct_TJunction_SG,LIF-009,block.lifesupport.air_duct,Air Duct,T-Junction,LIF,Air,SG,1×1×1,0.50x0.50x0.50,T1,IND,S,8.0,50,0,steel_plate:1; small_tube:1,300,150,60,18,2,2,Shared trim sheet only (no unique maps),1024,front back left right top bottom,front back left right top bottom,SOCKET_Air_Front_01 SOCKET_Air_Back_01,,,XS,assets/parts/lifesupport/SM_LIF_AirDuct_TJunction_SG.blend,export/parts/lifesupport/SM_LIF_AirDuct_TJunction_SG.fbx,Not started,,"LG: 1.2 m square crawl tunnel inside an armor shell, with access panels. SG: 0.3 m round pipe. Spores travel through these, so the vent network must be traceable in the Air View."
SM_LIF_AirDuct_Cross_LG,LIF-009,block.lifesupport.air_duct,Air Duct,Cross,LIF,Air,LG,1×1×1,2.50x2.50x2.50,T1,IND,S,300,800,0,steel_plate:8; small_tube:6,800,400,160,48,2,2,Shared trim sheet only (no unique maps),512,front back left right top bottom,front back left right top bottom,SOCKET_Air_Front_01 SOCKET_Air_Back_01,,,S,assets/parts/lifesupport/SM_LIF_AirDuct_Cross_LG.blend,export/parts/lifesupport/SM_LIF_AirDuct_Cross_LG.fbx,Not started,,"LG: 1.2 m square crawl tunnel inside an armor shell, with access panels. SG: 0.3 m round pipe. Spores travel through these, so the vent network must be traceable in the Air View."
SM_LIF_AirDuct_Cross_SG,LIF-009,block.lifesupport.air_duct,Air Duct,Cross,LIF,Air,SG,1×1×1,0.50x0.50x0.50,T1,IND,S,8.0,50,0,steel_plate:1; small_tube:1,300,150,60,18,2,2,Shared trim sheet only (no unique maps),1024,front back left right top bottom,front back left right top bottom,SOCKET_Air_Front_01 SOCKET_Air_Back_01,,,XS,assets/parts/lifesupport/SM_LIF_AirDuct_Cross_SG.blend,export/parts/lifesupport/SM_LIF_AirDuct_Cross_SG.fbx,Not started,,"LG: 1.2 m square crawl tunnel inside an armor shell, with access panels. SG: 0.3 m round pipe. Spores travel through these, so the vent network must be traceable in the Air View."
SM_LIF_AirDuct_EndCap_LG,LIF-009,block.lifesupport.air_duct,Air Duct,End Cap,LIF,Air,LG,1×1×1,2.50x2.50x2.50,T1,IND,S,300,800,0,steel_plate:8; small_tube:6,800,400,160,48,2,2,Shared trim sheet only (no unique maps),512,front back left right top bottom,front back left right top bottom,SOCKET_Air_Front_01 SOCKET_Air_Back_01,,,S,assets/parts/lifesupport/SM_LIF_AirDuct_EndCap_LG.blend,export/parts/lifesupport/SM_LIF_AirDuct_EndCap_LG.fbx,Not started,,"LG: 1.2 m square crawl tunnel inside an armor shell, with access panels. SG: 0.3 m round pipe. Spores travel through these, so the vent network must be traceable in the Air View."
SM_LIF_AirDuct_EndCap_SG,LIF-009,block.lifesupport.air_duct,Air Duct,End Cap,LIF,Air,SG,1×1×1,0.50x0.50x0.50,T1,IND,S,8.0,50,0,steel_plate:1; small_tube:1,300,150,60,18,2,2,Shared trim sheet only (no unique maps),1024,front back left right top bottom,front back left right top bottom,SOCKET_Air_Front_01 SOCKET_Air_Back_01,,,XS,assets/parts/lifesupport/SM_LIF_AirDuct_EndCap_SG.blend,export/parts/lifesupport/SM_LIF_AirDuct_EndCap_SG.fbx,Not started,,"LG: 1.2 m square crawl tunnel inside an armor shell, with access panels. SG: 0.3 m round pipe. Spores travel through these, so the vent network must be traceable in the Air View."
SM_LIF_CO2Scrubber_LG,LIF-010,block.lifesupport.co2_scrubber,CO₂ Scrubber,,LIF,Air,LG,1×1×1,2.50x2.50x2.50,T1,IND,M,700,900,-150,steel_plate:10; motor:4; filter_mesh:12; computer:2,4000,2000,800,240,3,6,Trim sheets + one 1K unique atlas,512,front back left right top bottom,front back left right top bottom,SOCKET_Air_Top_01 SOCKET_Interact_Front_01,Fan,Cartridge saturation lights ×4,S,assets/parts/lifesupport/SM_LIF_CO2Scrubber_LG.blend,export/parts/lifesupport/SM_LIF_CO2Scrubber_LG.fbx,Not started,,Four swappable cartridge slots on the front; the cartridges are separate meshes.
SM_LIF_SporeAirFilter_LG,LIF-011,block.lifesupport.air_filter_spore,Spore Air Filter,,LIF,Air,LG,1×1×1,2.50x2.50x2.50,T2,IND,M,480,700,-3.5,steel_plate:4; motor:2; filter_mesh:6,4000,2000,800,240,3,6,Trim sheets + one 1K unique atlas,512,front back left right top bottom,front back left right top bottom,SOCKET_Air_Back_01 SOCKET_Air_Front_01 SOCKET_Interact_Front_01,Fan,Filter status: green clean / amber loaded / red clogged,S,assets/parts/lifesupport/SM_LIF_SporeAirFilter_LG.blend,export/parts/lifesupport/SM_LIF_SporeAirFilter_LG.fbx,Not started,,The visible filter mesh turns green-grey as it loads (material parameter 'Load'). Matches the JSON example in bible chapter 13.
SM_LIF_SporeAirFilter_SG,LIF-011,block.lifesupport.air_filter_spore,Spore Air Filter,,LIF,Air,SG,1×1×1,0.50x0.50x0.50,T2,IND,M,30,80,-0.4,steel_plate:1; motor:1; filter_mesh:1,1500,750,300,90,3,6,Trim sheets + one 1K unique atlas,1024,front back left right top bottom,front back left right top bottom,SOCKET_Air_Back_01 SOCKET_Air_Front_01 SOCKET_Interact_Front_01,Fan,Filter status: green clean / amber loaded / red clogged,XS,assets/parts/lifesupport/SM_LIF_SporeAirFilter_SG.blend,export/parts/lifesupport/SM_LIF_SporeAirFilter_SG.fbx,Not started,,The visible filter mesh turns green-grey as it loads (material parameter 'Load'). Matches the JSON example in bible chapter 13.
SM_LIF_Heater_LG,LIF-012,block.lifesupport.heater,Heater,,LIF,Temperature,LG,1×1×1,2.50x2.50x2.50,T1,IND,S,300,500,-50,steel_plate:6; construction_component:4; power_cell:2,800,400,160,48,2,2,Shared trim sheet only (no unique maps),512,back,,SOCKET_Air_Front_01,,Heating coil glow,S,assets/parts/lifesupport/SM_LIF_Heater_LG.blend,export/parts/lifesupport/SM_LIF_Heater_LG.fbx,Not started,,Wall-mounted radiator; coils glow orange with a 'Heat' parameter.
SM_LIF_Heater_SG,LIF-012,block.lifesupport.heater,Heater,,LIF,Temperature,SG,1×1×1,0.50x0.50x0.50,T1,IND,S,15,50,-5,steel_plate:1; construction_component:1; power_cell:1,300,150,60,18,2,2,Shared trim sheet only (no unique maps),1024,back,,SOCKET_Air_Front_01,,Heating coil glow,XS,assets/parts/lifesupport/SM_LIF_Heater_SG.blend,export/parts/lifesupport/SM_LIF_Heater_SG.fbx,Not started,,Wall-mounted radiator; coils glow orange with a 'Heat' parameter.
SM_LIF_Cooler_LG,LIF-013,block.lifesupport.cooler,Cooler,,LIF,Temperature,LG,1×1×1,2.50x2.50x2.50,T1,IND,S,320,500,-60,steel_plate:6; motor:2; large_tube:2,800,400,160,48,2,2,Shared trim sheet only (no unique maps),512,back,,SOCKET_Air_Front_01,Fan,Blue status lamp,S,assets/parts/lifesupport/SM_LIF_Cooler_LG.blend,export/parts/lifesupport/SM_LIF_Cooler_LG.fbx,Not started,,Wall unit with a large fan grille.
SM_LIF_AtmosphereMonitor_LG,LIF-014,block.lifesupport.atmosphere_monitor,Atmosphere Monitor,,LIF,Monitoring,LG,1×1×1,2.50x2.50x2.50,T1,IND,S,40,150,-0.3,interior_plate:2; computer:2; display:1,800,400,160,48,2,2,Shared trim sheet only (no unique maps),512,back,,SOCKET_Lcd_Front_01 SOCKET_Audio_Front_01,,Screen | Alarm strobe,S,assets/parts/lifesupport/SM_LIF_AtmosphereMonitor_LG.blend,export/parts/lifesupport/SM_LIF_AtmosphereMonitor_LG.fbx,Not started,,"Small wall screen with a strobe on top. Screen UI is rendered live, not baked."
SM_LIF_AtmosphereMonitor_SG,LIF-014,block.lifesupport.atmosphere_monitor,Atmosphere Monitor,,LIF,Monitoring,SG,1×1×1,0.50x0.50x0.50,T1,IND,S,3.0,30,-0.05,computer:1; display:1,300,150,60,18,2,2,Shared trim sheet only (no unique maps),1024,back,,SOCKET_Lcd_Front_01 SOCKET_Audio_Front_01,,Screen | Alarm strobe,XS,assets/parts/lifesupport/SM_LIF_AtmosphereMonitor_SG.blend,export/parts/lifesupport/SM_LIF_AtmosphereMonitor_SG.fbx,Not started,,"Small wall screen with a strobe on top. Screen UI is rendered live, not baked."
SM_PRD_Workbench_LG,PRD-001,block.production.workbench,Workbench,,PRD,Crafting,LG,1×1×1,2.50x2.50x2.50,T0,SCR,M,300,500,0,scrap_metal:15; salvaged_wood:10,4000,2000,800,240,3,6,Trim sheets + one 1K unique atlas,512,bottom,,SOCKET_Work_Front_01 SOCKET_Interact_Front_01 SOCKET_Light_Top_01,,,S,assets/parts/production/SM_PRD_Workbench_LG.blend,export/parts/production/SM_PRD_Workbench_LG.fbx,Not started,,"A heavy wooden bench with a vise, pegboard of tools and a work lamp. Tools on the pegboard change as tiers unlock (swap meshes)."
SM_PRD_ScrapRecycler_LG,PRD-002,block.production.scrap_recycler,Scrap Recycler,,PRD,Refining,LG,1×1×2,2.50x2.50x5.00,T1,SCR,M,1500,1400,-200,scrap_metal:40; motor:6; steel_plate:10,4000,2000,800,240,3,6,Trim sheets + one 1K unique atlas,512,front back left right top bottom,,SOCKET_ItemIn_Top_01 SOCKET_ItemOut_Front_01 SOCKET_ConveyorLarge_Back_01,Shredder rollers ×2 | Hopper lid,,M,assets/parts/production/SM_PRD_ScrapRecycler_LG.blend,export/parts/production/SM_PRD_ScrapRecycler_LG.fbx,Not started,,Converted wood-chipper look with a welded hopper.
SM_PRD_BasicRefinery_LG,PRD-003,block.production.basic_refinery,Basic Refinery,,PRD,Refining,LG,1×2×1,2.50x5.00x2.50,T1,IND,M,4000,3000,-400,steel_plate:120; construction_component:20; large_tube:10; motor:10; computer:10,4000,2000,800,240,3,6,Trim sheets + one 1K unique atlas,512,front back left right top bottom,,SOCKET_ConveyorLarge_Back_01 SOCKET_ConveyorLarge_Bottom_01 SOCKET_Interact_Front_01 SOCKET_Work_Front_01,,Furnace window glow,M,assets/parts/production/SM_PRD_BasicRefinery_LG.blend,export/parts/production/SM_PRD_BasicRefinery_LG.fbx,Not started,,Tall furnace with a glowing viewport.
SM_PRD_Refinery_LG,PRD-004,block.production.refinery,Refinery,,PRD,Refining,LG,3×4×3,7.50x10.00x7.50,T2,IND,XL,35000,12000,-1000,steel_plate:1200; construction_component:40; large_tube:20; motor:16; metal_grid:20; computer:20,40000,20000,8000,2400,4,24,4K unique texture set + trim sheets,512,front back left right top bottom,,SOCKET_ConveyorLarge_Back_01 SOCKET_ConveyorLarge_Back_02 SOCKET_ConveyorLarge_Bottom_01 SOCKET_Interact_Front_01 SOCKET_Work_Front_01 SOCKET_Work_Front_02,Crusher drums | Crucible tilt 30°,Molten metal glow | Status panels,L,assets/parts/production/SM_PRD_Refinery_LG.blend,export/parts/production/SM_PRD_Refinery_LG.fbx,Not started,,"Hero industrial piece: crusher, conveyor, crucible and chimney."
SM_PRD_Assembler_LG,PRD-005,block.production.assembler,Assembler,,PRD,Crafting,LG,1×2×1,2.50x5.00x2.50,T1,IND,L,4500,2600,-300,steel_plate:140; construction_component:80; motor:20; display:10; metal_grid:10; computer:160,12000,6000,2400,720,3,12,Trim sheets + one 2K unique atlas,512,front back left right top bottom,,SOCKET_ConveyorLarge_Back_01 SOCKET_Interact_Front_01 SOCKET_Work_Front_01,Robot arms ×2: 4-axis | Print bed slides,Work light | Queue display,M,assets/parts/production/SM_PRD_Assembler_LG.blend,export/parts/production/SM_PRD_Assembler_LG.fbx,Not started,,Glass-fronted cabinet with two visible robot arms. Arms are separate PART_ meshes with pivots.
SM_PRD_FabricationBay_LG,PRD-006,block.production.fabrication_bay,Fabrication Bay,,PRD,Crafting,LG,5×4×5,12.50x10.00x12.50,T3,IND,XL,90000,20000,-5000,steel_plate:2000; construction_component:400; motor:80; computer:200; superconductor:40; display:20,40000,20000,8000,2400,4,24,4K unique texture set + trim sheets,512,bottom back,front back left right top bottom,SOCKET_ConveyorLarge_Back_01 SOCKET_ConveyorLarge_Back_02 SOCKET_ConveyorLarge_Back_03 SOCKET_Interact_Front_01 SOCKET_Work_Front_01 SOCKET_Work_Front_02 SOCKET_Work_Front_03 SOCKET_Work_Front_04 SOCKET_Light_Top_01 SOCKET_Light_Top_02 SOCKET_Light_Top_03 SOCKET_Light_Top_04 SOCKET_Light_Top_05 SOCKET_Light_Top_06,"Gantry: travels along the bay | Robot arms ×4 on the gantry | Bay doors: segmented, 12.5 m opening",Gantry work lights | Status boards,L,assets/parts/production/SM_PRD_FabricationBay_LG.blend,export/parts/production/SM_PRD_FabricationBay_LG.fbx,Not started,,A room-sized hangar module. The interior is walkable.
SM_PRD_3DPrinter_LG,PRD-007,block.production.3d_printer,3D Printer,,PRD,Crafting,LG,1×1×1,2.50x2.50x2.50,T2,IND,M,400,600,-50,steel_plate:6; motor:4; computer:6; bio_plastic:10,4000,2000,800,240,3,6,Trim sheets + one 1K unique atlas,512,bottom,,SOCKET_Interact_Front_01 SOCKET_Work_Front_01,Print head: XYZ gantry,Print progress ring,S,assets/parts/production/SM_PRD_3DPrinter_LG.blend,export/parts/production/SM_PRD_3DPrinter_LG.fbx,Not started,,Enclosed printer with a visible print in progress (parameter-driven build height).
SM_PRD_ResearchStation_LG,PRD-008,block.production.research_station,Research Station,,PRD,Research,LG,2×1×1,5.00x2.50x2.50,T1,IND,M,600,700,-30,interior_plate:10; computer:10; display:4; detector_component:2,4000,2000,800,240,3,6,Trim sheets + one 1K unique atlas,512,bottom,,SOCKET_Work_Front_01 SOCKET_Work_Front_02 SOCKET_Lcd_Front_01 SOCKET_Lcd_Front_02 SOCKET_Interact_Front_01,,Screens ×3,M,assets/parts/production/SM_PRD_ResearchStation_LG.blend,export/parts/production/SM_PRD_ResearchStation_LG.fbx,Not started,,"Lab bench with monitors, microscopes and sample trays."
SM_PRD_SampleAnalyzer_LG,PRD-009,block.production.sample_analyzer,Sample Analyzer,,PRD,Research,LG,1×1×1,2.50x2.50x2.50,T2,IND,M,700,600,-40,steel_plate:6; glass_panel:6; computer:6; medical_component:4; filter_mesh:4,4000,2000,800,240,3,6,Trim sheets + one 1K unique atlas,512,bottom,,SOCKET_Work_Front_01 SOCKET_Air_Top_01 SOCKET_Interact_Front_01,,Containment status (green/red) | UV sterilizer,S,assets/parts/production/SM_PRD_SampleAnalyzer_LG.blend,export/parts/production/SM_PRD_SampleAnalyzer_LG.fbx,Not started,,Glovebox with two rubber gloves (cloth sim optional) and a pass-through airlock.
SM_PRD_ArmoryBench_LG,PRD-010,block.production.armory_bench,Armory Bench,,PRD,Crafting,LG,2×1×1,5.00x2.50x2.50,T2,IND,M,900,1000,-20,steel_plate:20; construction_component:10; motor:2; computer:2,4000,2000,800,240,3,6,Trim sheets + one 1K unique atlas,512,bottom,,SOCKET_Work_Front_01 SOCKET_Work_Front_02 SOCKET_Interact_Front_01,Reloading press arm,,M,assets/parts/production/SM_PRD_ArmoryBench_LG.blend,export/parts/production/SM_PRD_ArmoryBench_LG.fbx,Not started,,Gun-smith bench with a wall rack. Rack shows crafted weapons (swap meshes).
SM_AGR_PlanterBox_Survivor_LG,AGR-001,block.agriculture.planter_box,Planter Box,Survivor,AGR,Crops,LG,1×1×1,2.50x2.50x2.50,T0,SCR,S,600,300,0,salvaged_wood:12; scrap_metal:2,800,400,160,48,2,2,Shared trim sheet only (no unique maps),512,bottom,,SOCKET_Work_Front_01 SOCKET_Water_Bottom_01,,,S,assets/parts/agriculture/SM_AGR_PlanterBox_Survivor_LG.blend,export/parts/agriculture/SM_AGR_PlanterBox_Survivor_LG.fbx,Not started,,"Raised wooden box, 0.8 m high. Crop meshes are separate growth-stage props (4 stages)."
SM_AGR_PlanterBox_Colony_LG,AGR-001,block.agriculture.planter_box,Planter Box,Colony,AGR,Crops,LG,1×1×1,2.50x2.50x2.50,T0,SCR,S,600,300,0,salvaged_wood:12; scrap_metal:2,800,400,160,48,2,2,Shared trim sheet only (no unique maps),512,bottom,,SOCKET_Work_Front_01 SOCKET_Water_Bottom_01,,,S,assets/parts/agriculture/SM_AGR_PlanterBox_Colony_LG.blend,export/parts/agriculture/SM_AGR_PlanterBox_Colony_LG.fbx,Not started,,"Raised wooden box, 0.8 m high. Crop meshes are separate growth-stage props (4 stages)."
SM_AGR_HydroponicsTray_LG,AGR-002,block.agriculture.hydroponics_tray,Hydroponics Tray,,AGR,Crops,LG,1×1×2,2.50x2.50x5.00,T2,IND,M,800,500,-25,steel_plate:6; large_tube:4; motor:1; bio_plastic:8,4000,2000,800,240,3,6,Trim sheets + one 1K unique atlas,512,bottom,,SOCKET_Work_Front_01 SOCKET_Water_Back_01 SOCKET_Light_Top_01,Nutrient pump,Grow-light strip (magenta),M,assets/parts/agriculture/SM_AGR_HydroponicsTray_LG.blend,export/parts/agriculture/SM_AGR_HydroponicsTray_LG.fbx,Not started,,Two-tier rack. Crop props snap to 8 slots.
SM_AGR_GrowLight_LG,AGR-003,block.agriculture.grow_light,Grow Light,,AGR,Crops,LG,1×1×1,2.50x2.50x2.50,T1,IND,S,30,100,-8,interior_plate:2; glass_panel:2; construction_component:2,800,400,160,48,2,2,Shared trim sheet only (no unique maps),512,top,,SOCKET_Light_Bottom_01,,Magenta/white LED panel,S,assets/parts/agriculture/SM_AGR_GrowLight_LG.blend,export/parts/agriculture/SM_AGR_GrowLight_LG.fbx,Not started,,Ceiling fixture; the emitted light color is part of the Hydroponics look.
SM_AGR_GrowLight_SG,AGR-003,block.agriculture.grow_light,Grow Light,,AGR,Crops,SG,1×1×1,0.50x0.50x0.50,T1,IND,S,3.0,20,-1,interior_plate:1; glass_panel:1; construction_component:1,300,150,60,18,2,2,Shared trim sheet only (no unique maps),1024,top,,SOCKET_Light_Bottom_01,,Magenta/white LED panel,XS,assets/parts/agriculture/SM_AGR_GrowLight_SG.blend,export/parts/agriculture/SM_AGR_GrowLight_SG.fbx,Not started,,Ceiling fixture; the emitted light color is part of the Hydroponics look.
SM_AGR_AlgaeFarm_LG,AGR-004,block.agriculture.algae_farm,Algae Farm,,AGR,Food & Air,LG,1×2×1,2.50x5.00x2.50,T2,IND,M,1200,700,-30,steel_plate:8; glass_panel:16; large_tube:4; motor:2,4000,2000,800,240,3,6,Trim sheets + one 1K unique atlas,512,bottom,,SOCKET_Air_Top_01 SOCKET_Water_Bottom_01 SOCKET_Work_Front_01 SOCKET_ItemOut_Front_01,,Backlit green tubes,M,assets/parts/agriculture/SM_AGR_AlgaeFarm_LG.blend,export/parts/agriculture/SM_AGR_AlgaeFarm_LG.fbx,Not started,,Vertical glass bubble tubes with green fluid.
SM_AGR_ProteinVat_LG,AGR-005,block.agriculture.protein_vat,Protein Vat,,AGR,Food,LG,2×2×1,5.00x5.00x2.50,T2,IND,M,2500,1500,-60,steel_plate:30; large_tube:6; motor:4; computer:2,4000,2000,800,240,3,6,Trim sheets + one 1K unique atlas,512,bottom,,SOCKET_ItemIn_Top_01 SOCKET_ItemOut_Front_01 SOCKET_Work_Front_01,Mixer paddle,Temperature display,M,assets/parts/agriculture/SM_AGR_ProteinVat_LG.blend,export/parts/agriculture/SM_AGR_ProteinVat_LG.fbx,Not started,,Stainless steel vat with an inspection hatch.
SM_AGR_SeedVault_LG,AGR-006,block.agriculture.seed_vault,Seed Vault,,AGR,Storage,LG,1×1×1,2.50x2.50x2.50,T1,IND,M,900,1500,-5,steel_plate:20; computer:2; motor:1,4000,2000,800,240,3,6,Trim sheets + one 1K unique atlas,512,front back left right top bottom,front back left right top bottom,SOCKET_Interact_Front_01,Vault door: hinge 100°,Frost indicator,S,assets/parts/agriculture/SM_AGR_SeedVault_LG.blend,export/parts/agriculture/SM_AGR_SeedVault_LG.fbx,Not started,,Round vault door; racks of labeled seed tins inside.
SM_AGR_LivestockPen_LG,AGR-007,block.agriculture.livestock_pen,Livestock Pen,,AGR,Animals,LG,3×1×3,7.50x2.50x7.50,T3,DOM,L,2000,1200,0,steel_plate:10; salvaged_wood:30; construction_component:10,12000,6000,2400,720,3,12,Trim sheets + one 2K unique atlas,512,bottom,,SOCKET_Work_Front_01 SOCKET_Work_Front_02 SOCKET_Water_Left_01,Gate: swings 90°,,M,assets/parts/agriculture/SM_AGR_LivestockPen_LG.blend,export/parts/agriculture/SM_AGR_LivestockPen_LG.fbx,Not started,,"Fence, feeders, water trough and a hay-bale shelter. Sized for Tessari (2 m tall calves)."
SM_AGR_AquaponicsTank_LG,AGR-008,block.agriculture.aquaponics_tank,Aquaponics Tank,,AGR,Food,LG,2×1×1,5.00x2.50x2.50,T3,IND,M,3000,800,-20,steel_plate:10; glass_panel:20; motor:2; large_tube:2,4000,2000,800,240,3,6,Trim sheets + one 1K unique atlas,512,bottom,,SOCKET_Work_Front_01 SOCKET_Water_Back_01,,,M,assets/parts/agriculture/SM_AGR_AquaponicsTank_LG.blend,export/parts/agriculture/SM_AGR_AquaponicsTank_LG.fbx,Not started,,"Glass tank with animated fish (a shared boids system), grow bed above."
SM_LOG_ConveyorJunction_LG,LOG-001,block.logistics.conveyor_junction,Conveyor Junction,,LOG,Conveyors,LG,1×1×1,2.50x2.50x2.50,T1,IND,S,900,1500,-0.5,interior_plate:20; construction_component:30; small_tube:20; motor:6,800,400,160,48,2,2,Shared trim sheet only (no unique maps),512,front back left right top bottom,front back left right top bottom,SOCKET_ConveyorLarge_Front_01 SOCKET_ConveyorLarge_Back_01 SOCKET_ConveyorLarge_Left_01 SOCKET_ConveyorLarge_Right_01 SOCKET_ConveyorLarge_Top_01 SOCKET_ConveyorLarge_Bottom_01,,,S,assets/parts/logistics/SM_LOG_ConveyorJunction_LG.blend,export/parts/logistics/SM_LOG_ConveyorJunction_LG.fbx,Not started,,Port apertures at exact face centers (the conveyor standard). Hazard stripes around each port.
SM_LOG_ConveyorJunction_SG,LOG-001,block.logistics.conveyor_junction,Conveyor Junction,,LOG,Conveyors,SG,1×1×1,0.50x0.50x0.50,T1,IND,S,25,100,-0.1,interior_plate:3; construction_component:4; small_tube:3; motor:1,300,150,60,18,2,2,Shared trim sheet only (no unique maps),1024,front back left right top bottom,front back left right top bottom,SOCKET_ConveyorLarge_Front_01 SOCKET_ConveyorLarge_Back_01 SOCKET_ConveyorLarge_Left_01 SOCKET_ConveyorLarge_Right_01 SOCKET_ConveyorLarge_Top_01 SOCKET_ConveyorLarge_Bottom_01,,,XS,assets/parts/logistics/SM_LOG_ConveyorJunction_SG.blend,export/parts/logistics/SM_LOG_ConveyorJunction_SG.fbx,Not started,,Port apertures at exact face centers (the conveyor standard). Hazard stripes around each port.
SM_LOG_ConveyorTube_Straight_LG,LOG-002,block.logistics.conveyor_tube,Conveyor Tube,Straight,LOG,Conveyors,LG,1×1×1,2.50x2.50x2.50,T1,IND,S,300,600,0,interior_plate:10; construction_component:10; small_tube:12; motor:4,800,400,160,48,2,2,Shared trim sheet only (no unique maps),512,front back,,SOCKET_ConveyorLarge_Front_01 SOCKET_ConveyorLarge_Back_01,,,S,assets/parts/logistics/SM_LOG_ConveyorTube_Straight_LG.blend,export/parts/logistics/SM_LOG_ConveyorTube_Straight_LG.fbx,Not started,,Ribbed tube with inspection windows showing items moving (animated texture).
SM_LOG_ConveyorTube_Straight_SG,LOG-002,block.logistics.conveyor_tube,Conveyor Tube,Straight,LOG,Conveyors,SG,1×1×1,0.50x0.50x0.50,T1,IND,S,10,40,0,interior_plate:2; construction_component:2; small_tube:2; motor:1,300,150,60,18,2,2,Shared trim sheet only (no unique maps),1024,front back,,SOCKET_ConveyorLarge_Front_01 SOCKET_ConveyorLarge_Back_01,,,XS,assets/parts/logistics/SM_LOG_ConveyorTube_Straight_SG.blend,export/parts/logistics/SM_LOG_ConveyorTube_Straight_SG.fbx,Not started,,Ribbed tube with inspection windows showing items moving (animated texture).
SM_LOG_ConveyorTube_Curved_LG,LOG-002,block.logistics.conveyor_tube,Conveyor Tube,Curved,LOG,Conveyors,LG,1×1×1,2.50x2.50x2.50,T1,IND,S,300,600,0,interior_plate:10; construction_component:10; small_tube:12; motor:4,800,400,160,48,2,2,Shared trim sheet only (no unique maps),512,front back,,SOCKET_ConveyorLarge_Front_01 SOCKET_ConveyorLarge_Back_01,,,S,assets/parts/logistics/SM_LOG_ConveyorTube_Curved_LG.blend,export/parts/logistics/SM_LOG_ConveyorTube_Curved_LG.fbx,Not started,,Ribbed tube with inspection windows showing items moving (animated texture).
SM_LOG_ConveyorTube_Curved_SG,LOG-002,block.logistics.conveyor_tube,Conveyor Tube,Curved,LOG,Conveyors,SG,1×1×1,0.50x0.50x0.50,T1,IND,S,10,40,0,interior_plate:2; construction_component:2; small_tube:2; motor:1,300,150,60,18,2,2,Shared trim sheet only (no unique maps),1024,front back,,SOCKET_ConveyorLarge_Front_01 SOCKET_ConveyorLarge_Back_01,,,XS,assets/parts/logistics/SM_LOG_ConveyorTube_Curved_SG.blend,export/parts/logistics/SM_LOG_ConveyorTube_Curved_SG.fbx,Not started,,Ribbed tube with inspection windows showing items moving (animated texture).
SM_LOG_ConveyorTube_TJunction_LG,LOG-002,block.logistics.conveyor_tube,Conveyor Tube,T-Junction,LOG,Conveyors,LG,1×1×1,2.50x2.50x2.50,T1,IND,S,300,600,0,interior_plate:10; construction_component:10; small_tube:12; motor:4,800,400,160,48,2,2,Shared trim sheet only (no unique maps),512,front back,,SOCKET_ConveyorLarge_Front_01 SOCKET_ConveyorLarge_Back_01,,,S,assets/parts/logistics/SM_LOG_ConveyorTube_TJunction_LG.blend,export/parts/logistics/SM_LOG_ConveyorTube_TJunction_LG.fbx,Not started,,Ribbed tube with inspection windows showing items moving (animated texture).
SM_LOG_ConveyorTube_TJunction_SG,LOG-002,block.logistics.conveyor_tube,Conveyor Tube,T-Junction,LOG,Conveyors,SG,1×1×1,0.50x0.50x0.50,T1,IND,S,10,40,0,interior_plate:2; construction_component:2; small_tube:2; motor:1,300,150,60,18,2,2,Shared trim sheet only (no unique maps),1024,front back,,SOCKET_ConveyorLarge_Front_01 SOCKET_ConveyorLarge_Back_01,,,XS,assets/parts/logistics/SM_LOG_ConveyorTube_TJunction_SG.blend,export/parts/logistics/SM_LOG_ConveyorTube_TJunction_SG.fbx,Not started,,Ribbed tube with inspection windows showing items moving (animated texture).
SM_LOG_ConveyorSorter_LG,LOG-003,block.logistics.conveyor_sorter,Conveyor Sorter,,LOG,Conveyors,LG,1×1×1,2.50x2.50x2.50,T2,IND,M,900,1500,-10,interior_plate:20; construction_component:30; small_tube:20; motor:6; computer:10,4000,2000,800,240,3,6,Trim sheets + one 1K unique atlas,512,front back left right top bottom,front back left right top bottom,SOCKET_ConveyorLarge_Front_01 SOCKET_ConveyorLarge_Back_01 SOCKET_Interact_Top_01,Diverter flap,Filter mode lights,S,assets/parts/logistics/SM_LOG_ConveyorSorter_LG.blend,export/parts/logistics/SM_LOG_ConveyorSorter_LG.fbx,Not started,,Junction housing with a diverter and a small screen.
SM_LOG_ConveyorSorter_SG,LOG-003,block.logistics.conveyor_sorter,Conveyor Sorter,,LOG,Conveyors,SG,1×1×1,0.50x0.50x0.50,T2,IND,M,30,100,-1,interior_plate:3; construction_component:4; small_tube:3; motor:1; computer:2,1500,750,300,90,3,6,Trim sheets + one 1K unique atlas,1024,front back left right top bottom,front back left right top bottom,SOCKET_ConveyorLarge_Front_01 SOCKET_ConveyorLarge_Back_01 SOCKET_Interact_Top_01,Diverter flap,Filter mode lights,XS,assets/parts/logistics/SM_LOG_ConveyorSorter_SG.blend,export/parts/logistics/SM_LOG_ConveyorSorter_SG.fbx,Not started,,Junction housing with a diverter and a small screen.
SM_LOG_SmallCargoContainer_LG,LOG-004,block.logistics.small_cargo_container,Small Cargo Container,,LOG,Storage,LG,1×1×1,2.50x2.50x2.50,T1,IND,S,1200,2000,0,interior_plate:40; construction_component:40; metal_grid:4; small_tube:20; motor:4; display:1; computer:2,800,400,160,48,2,2,Shared trim sheet only (no unique maps),512,front back left right top bottom,front back left right top bottom,SOCKET_ConveyorLarge_Back_01 SOCKET_Interact_Front_01,,Fill level strip,S,assets/parts/logistics/SM_LOG_SmallCargoContainer_LG.blend,export/parts/logistics/SM_LOG_SmallCargoContainer_LG.fbx,Not started,,Lockable front hatch. Fill-level strip parameter 0–1.
SM_LOG_SmallCargoContainer_SG,LOG-004,block.logistics.small_cargo_container,Small Cargo Container,,LOG,Storage,SG,1×1×1,0.50x0.50x0.50,T1,IND,S,40,150,0,interior_plate:6; construction_component:6; metal_grid:1; small_tube:3; motor:1; display:1; computer:1,300,150,60,18,2,2,Shared trim sheet only (no unique maps),1024,front back left right top bottom,front back left right top bottom,SOCKET_ConveyorLarge_Back_01 SOCKET_Interact_Front_01,,Fill level strip,XS,assets/parts/logistics/SM_LOG_SmallCargoContainer_SG.blend,export/parts/logistics/SM_LOG_SmallCargoContainer_SG.fbx,Not started,,Lockable front hatch. Fill-level strip parameter 0–1.
SM_LOG_LargeCargoContainer_LG,LOG-005,block.logistics.large_cargo_container,Large Cargo Container,,LOG,Storage,LG,3×3×3,7.50x7.50x7.50,T2,IND,M,9000,9000,0,interior_plate:360; construction_component:80; metal_grid:24; small_tube:60; motor:20; display:1; computer:8,4000,2000,800,240,3,6,Trim sheets + one 1K unique atlas,512,front back left right top bottom,front back left right top bottom,SOCKET_ConveyorLarge_Back_01 SOCKET_ConveyorLarge_Back_02 SOCKET_ConveyorLarge_Bottom_01 SOCKET_Interact_Front_01,,Fill level strip,M,assets/parts/logistics/SM_LOG_LargeCargoContainer_LG.blend,export/parts/logistics/SM_LOG_LargeCargoContainer_LG.fbx,Not started,,Hauler skin available (cargo-orange container ribs).
SM_LOG_LargeCargoContainer_SG,LOG-005,block.logistics.large_cargo_container,Large Cargo Container,,LOG,Storage,SG,3×3×3,1.50x1.50x1.50,T2,IND,M,300,800,0,interior_plate:54; construction_component:12; metal_grid:4; small_tube:9; motor:3; display:1; computer:1,1500,750,300,90,3,6,Trim sheets + one 1K unique atlas,1024,front back left right top bottom,front back left right top bottom,SOCKET_ConveyorLarge_Back_01 SOCKET_ConveyorLarge_Back_02 SOCKET_ConveyorLarge_Bottom_01 SOCKET_Interact_Front_01,,Fill level strip,S,assets/parts/logistics/SM_LOG_LargeCargoContainer_SG.blend,export/parts/logistics/SM_LOG_LargeCargoContainer_SG.fbx,Not started,,Hauler skin available (cargo-orange container ribs).
SM_LOG_Connector_LG,LOG-006,block.logistics.connector,Connector,,LOG,Docking,LG,1×1×2,2.50x2.50x5.00,T2,IND,M,1400,2400,-2,steel_plate:150; construction_component:40; small_tube:12; motor:8; computer:20,4000,2000,800,240,3,6,Trim sheets + one 1K unique atlas,512,back left right top bottom,front back left right top bottom,SOCKET_ConveyorLarge_Back_01 SOCKET_ConveyorLarge_Front_01 SOCKET_AttachTop_Front_01,Magnetic collar: extends 0.2 m on lock,Status ring: yellow ready / green locked,M,assets/parts/logistics/SM_LOG_Connector_LG.blend,export/parts/logistics/SM_LOG_Connector_LG.fbx,Not started,,The docking face must be rotationally symmetric so any two connectors mate.
SM_LOG_Connector_SG,LOG-006,block.logistics.connector,Connector,,LOG,Docking,SG,1×1×2,0.50x0.50x1.00,T2,IND,M,90,200,-0.2,steel_plate:22; construction_component:6; small_tube:2; motor:1; computer:3,1500,750,300,90,3,6,Trim sheets + one 1K unique atlas,1024,back left right top bottom,front back left right top bottom,SOCKET_ConveyorLarge_Back_01 SOCKET_ConveyorLarge_Front_01 SOCKET_AttachTop_Front_01,Magnetic collar: extends 0.2 m on lock,Status ring: yellow ready / green locked,S,assets/parts/logistics/SM_LOG_Connector_SG.blend,export/parts/logistics/SM_LOG_Connector_SG.fbx,Not started,,The docking face must be rotationally symmetric so any two connectors mate.
SM_LOG_Ejector_LG,LOG-007,block.logistics.ejector,Ejector,,LOG,Handling,LG,1×1×1,2.50x2.50x2.50,T2,IND,S,500,800,-2,steel_plate:10; construction_component:4; motor:2,800,400,160,48,2,2,Shared trim sheet only (no unique maps),512,front back left right top bottom,front back left right top bottom,SOCKET_ConveyorLarge_Back_01 SOCKET_ItemOut_Front_01,Ejector plate,,S,assets/parts/logistics/SM_LOG_Ejector_LG.blend,export/parts/logistics/SM_LOG_Ejector_LG.fbx,Not started,,Short barrel-shaped port on the front face.
SM_LOG_Ejector_SG,LOG-007,block.logistics.ejector,Ejector,,LOG,Handling,SG,1×1×1,0.50x0.50x0.50,T2,IND,S,25,60,-0.2,steel_plate:2; construction_component:1; motor:1,300,150,60,18,2,2,Shared trim sheet only (no unique maps),1024,front back left right top bottom,front back left right top bottom,SOCKET_ConveyorLarge_Back_01 SOCKET_ItemOut_Front_01,Ejector plate,,XS,assets/parts/logistics/SM_LOG_Ejector_SG.blend,export/parts/logistics/SM_LOG_Ejector_SG.fbx,Not started,,Short barrel-shaped port on the front face.
SM_LOG_Collector_LG,LOG-008,block.logistics.collector,Collector,,LOG,Handling,LG,1×1×1,2.50x2.50x2.50,T2,IND,M,800,1000,-20,steel_plate:45; construction_component:50; small_tube:12; motor:8; display:4; computer:10,4000,2000,800,240,3,6,Trim sheets + one 1K unique atlas,512,front back left right top bottom,front back left right top bottom,SOCKET_ConveyorLarge_Back_01 SOCKET_ItemIn_Front_01,,,S,assets/parts/logistics/SM_LOG_Collector_LG.blend,export/parts/logistics/SM_LOG_Collector_LG.fbx,Not started,,Funnel-shaped intake with a mesh grille.
SM_LOG_Collector_SG,LOG-008,block.logistics.collector,Collector,,LOG,Handling,SG,1×1×1,0.50x0.50x0.50,T2,IND,M,40,80,-2,steel_plate:7; construction_component:8; small_tube:2; motor:1; display:1; computer:2,1500,750,300,90,3,6,Trim sheets + one 1K unique atlas,1024,front back left right top bottom,front back left right top bottom,SOCKET_ConveyorLarge_Back_01 SOCKET_ItemIn_Front_01,,,XS,assets/parts/logistics/SM_LOG_Collector_SG.blend,export/parts/logistics/SM_LOG_Collector_SG.fbx,Not started,,Funnel-shaped intake with a mesh grille.
SM_PRO_AtmosphericThruster_LG,PRO-001,block.propulsion.atmospheric_thruster,Atmospheric Thruster,,PRO,Thrusters,LG,1×1×2,2.50x2.50x5.00,T2,IND,M,4000,3000,-6000,steel_plate:35; construction_component:50; large_tube:8; metal_grid:40; motor:90,4000,2000,800,240,3,6,Trim sheets + one 1K unique atlas,512,back,,SOCKET_VfxExhaust_Front_01 SOCKET_Audio_Center_01,"Fan blades: spin with throttle (up to 1,800 rpm)",,M,assets/parts/propulsion/SM_PRO_AtmosphericThruster_LG.blend,export/parts/propulsion/SM_PRO_AtmosphericThruster_LG.fbx,Not started,,Nozzle on the front face (+X pushes the grid toward −X). Flame VFX socket at the nozzle exit. Thruster damage cone: 3× nozzle length behind the exhaust; keep it clear of the mesh.
SM_PRO_AtmosphericThruster_SG,PRO-001,block.propulsion.atmospheric_thruster,Atmospheric Thruster,,PRO,Thrusters,SG,1×1×1,0.50x0.50x0.50,T2,IND,M,700,400,-600,steel_plate:5; construction_component:8; large_tube:1; metal_grid:6; motor:14,1500,750,300,90,3,6,Trim sheets + one 1K unique atlas,1024,back,,SOCKET_VfxExhaust_Front_01 SOCKET_Audio_Center_01,"Fan blades: spin with throttle (up to 1,800 rpm)",,XS,assets/parts/propulsion/SM_PRO_AtmosphericThruster_SG.blend,export/parts/propulsion/SM_PRO_AtmosphericThruster_SG.fbx,Not started,,Nozzle on the front face (+X pushes the grid toward −X). Flame VFX socket at the nozzle exit. Thruster damage cone: 3× nozzle length behind the exhaust; keep it clear of the mesh.
SM_PRO_LargeAtmosphericThruster_LG,PRO-002,block.propulsion.large_atmospheric_thruster,Large Atmospheric Thruster,,PRO,Thrusters,LG,3×3×4,7.50x7.50x10.00,T2,IND,L,33000,12000,-16000,steel_plate:230; construction_component:60; large_tube:50; metal_grid:40; motor:1100,12000,6000,2400,720,3,12,Trim sheets + one 2K unique atlas,512,back,,SOCKET_VfxExhaust_Front_01 SOCKET_Audio_Center_01,"Fan blades ×2 stages, counter-rotating",,L,assets/parts/propulsion/SM_PRO_LargeAtmosphericThruster_LG.blend,export/parts/propulsion/SM_PRO_LargeAtmosphericThruster_LG.fbx,Not started,,Nozzle on the front face (+X pushes the grid toward −X). Flame VFX socket at the nozzle exit. Thruster damage cone: 3× nozzle length behind the exhaust; keep it clear of the mesh.
SM_PRO_LargeAtmosphericThruster_SG,PRO-002,block.propulsion.large_atmospheric_thruster,Large Atmospheric Thruster,,PRO,Thrusters,SG,3×3×3,1.50x1.50x1.50,T2,IND,L,4000,1500,-2400,steel_plate:34; construction_component:9; large_tube:8; metal_grid:6; motor:165,5000,2500,1000,300,3,12,Trim sheets + one 2K unique atlas,1024,back,,SOCKET_VfxExhaust_Front_01 SOCKET_Audio_Center_01,"Fan blades ×2 stages, counter-rotating",,S,assets/parts/propulsion/SM_PRO_LargeAtmosphericThruster_SG.blend,export/parts/propulsion/SM_PRO_LargeAtmosphericThruster_SG.fbx,Not started,,Nozzle on the front face (+X pushes the grid toward −X). Flame VFX socket at the nozzle exit. Thruster damage cone: 3× nozzle length behind the exhaust; keep it clear of the mesh.
SM_PRO_IonThruster_LG,PRO-003,block.propulsion.ion_thruster,Ion Thruster,,PRO,Thrusters,LG,1×1×1,2.50x2.50x2.50,T2,IND,M,4300,3000,-3400,steel_plate:25; construction_component:60; large_tube:8; thruster_component:80,4000,2000,800,240,3,6,Trim sheets + one 1K unique atlas,512,back,,SOCKET_VfxExhaust_Front_01,,Blue glow ring (throttle-driven),S,assets/parts/propulsion/SM_PRO_IonThruster_LG.blend,export/parts/propulsion/SM_PRO_IonThruster_LG.fbx,Not started,,Nozzle on the front face (+X pushes the grid toward −X). Flame VFX socket at the nozzle exit. Thruster damage cone: 3× nozzle length behind the exhaust; keep it clear of the mesh.
SM_PRO_IonThruster_SG,PRO-003,block.propulsion.ion_thruster,Ion Thruster,,PRO,Thrusters,SG,1×1×1,0.50x0.50x0.50,T2,IND,M,120,200,-200,steel_plate:4; construction_component:9; large_tube:1; thruster_component:12,1500,750,300,90,3,6,Trim sheets + one 1K unique atlas,1024,back,,SOCKET_VfxExhaust_Front_01,,Blue glow ring (throttle-driven),XS,assets/parts/propulsion/SM_PRO_IonThruster_SG.blend,export/parts/propulsion/SM_PRO_IonThruster_SG.fbx,Not started,,Nozzle on the front face (+X pushes the grid toward −X). Flame VFX socket at the nozzle exit. Thruster damage cone: 3× nozzle length behind the exhaust; keep it clear of the mesh.
SM_PRO_LargeIonThruster_LG,PRO-004,block.propulsion.large_ion_thruster,Large Ion Thruster,,PRO,Thrusters,LG,3×3×2,7.50x7.50x5.00,T3,IND,L,43200,12000,-33600,steel_plate:150; construction_component:100; large_tube:40; thruster_component:960,12000,6000,2400,720,3,12,Trim sheets + one 2K unique atlas,512,back,,SOCKET_VfxExhaust_Front_01,,Blue glow ring,M,assets/parts/propulsion/SM_PRO_LargeIonThruster_LG.blend,export/parts/propulsion/SM_PRO_LargeIonThruster_LG.fbx,Not started,,Nozzle on the front face (+X pushes the grid toward −X). Flame VFX socket at the nozzle exit. Thruster damage cone: 3× nozzle length behind the exhaust; keep it clear of the mesh.
SM_PRO_LargeIonThruster_SG,PRO-004,block.propulsion.large_ion_thruster,Large Ion Thruster,,PRO,Thrusters,SG,3×3×3,1.50x1.50x1.50,T3,IND,L,720,800,-2400,steel_plate:22; construction_component:15; large_tube:6; thruster_component:144,5000,2500,1000,300,3,12,Trim sheets + one 2K unique atlas,1024,back,,SOCKET_VfxExhaust_Front_01,,Blue glow ring,S,assets/parts/propulsion/SM_PRO_LargeIonThruster_SG.blend,export/parts/propulsion/SM_PRO_LargeIonThruster_SG.fbx,Not started,,Nozzle on the front face (+X pushes the grid toward −X). Flame VFX socket at the nozzle exit. Thruster damage cone: 3× nozzle length behind the exhaust; keep it clear of the mesh.
SM_PRO_HydrogenThruster_LG,PRO-005,block.propulsion.hydrogen_thruster,Hydrogen Thruster,,PRO,Thrusters,LG,1×1×2,2.50x2.50x5.00,T2,IND,M,6900,4000,0,steel_plate:30; construction_component:60; metal_grid:8; large_tube:25,4000,2000,800,240,3,6,Trim sheets + one 1K unique atlas,512,back,,SOCKET_VfxExhaust_Front_01 SOCKET_Fuel_Back_01,,Nozzle heat glow,M,assets/parts/propulsion/SM_PRO_HydrogenThruster_LG.blend,export/parts/propulsion/SM_PRO_HydrogenThruster_LG.fbx,Not started,,Nozzle on the front face (+X pushes the grid toward −X). Flame VFX socket at the nozzle exit. Thruster damage cone: 3× nozzle length behind the exhaust; keep it clear of the mesh.
SM_PRO_HydrogenThruster_SG,PRO-005,block.propulsion.hydrogen_thruster,Hydrogen Thruster,,PRO,Thrusters,SG,1×1×2,0.50x0.50x1.00,T2,IND,M,334,300,0,steel_plate:4; construction_component:9; metal_grid:1; large_tube:4,1500,750,300,90,3,6,Trim sheets + one 1K unique atlas,1024,back,,SOCKET_VfxExhaust_Front_01 SOCKET_Fuel_Back_01,,Nozzle heat glow,S,assets/parts/propulsion/SM_PRO_HydrogenThruster_SG.blend,export/parts/propulsion/SM_PRO_HydrogenThruster_SG.fbx,Not started,,Nozzle on the front face (+X pushes the grid toward −X). Flame VFX socket at the nozzle exit. Thruster damage cone: 3× nozzle length behind the exhaust; keep it clear of the mesh.
SM_PRO_LargeHydrogenThruster_LG,PRO-006,block.propulsion.large_hydrogen_thruster,Large Hydrogen Thruster,,PRO,Thrusters,LG,3×3×4,7.50x7.50x10.00,T3,IND,L,40000,14000,0,steel_plate:150; construction_component:180; metal_grid:250; large_tube:40,12000,6000,2400,720,3,12,Trim sheets + one 2K unique atlas,512,back,,SOCKET_VfxExhaust_Front_01 SOCKET_Fuel_Back_01,,Nozzle heat glow,L,assets/parts/propulsion/SM_PRO_LargeHydrogenThruster_LG.blend,export/parts/propulsion/SM_PRO_LargeHydrogenThruster_LG.fbx,Not started,,Nozzle on the front face (+X pushes the grid toward −X). Flame VFX socket at the nozzle exit. Thruster damage cone: 3× nozzle length behind the exhaust; keep it clear of the mesh.
SM_PRO_LargeHydrogenThruster_SG,PRO-006,block.propulsion.large_hydrogen_thruster,Large Hydrogen Thruster,,PRO,Thrusters,SG,3×3×3,1.50x1.50x1.50,T3,IND,L,1420,1000,0,steel_plate:22; construction_component:27; metal_grid:38; large_tube:6,5000,2500,1000,300,3,12,Trim sheets + one 2K unique atlas,1024,back,,SOCKET_VfxExhaust_Front_01 SOCKET_Fuel_Back_01,,Nozzle heat glow,S,assets/parts/propulsion/SM_PRO_LargeHydrogenThruster_SG.blend,export/parts/propulsion/SM_PRO_LargeHydrogenThruster_SG.fbx,Not started,,Nozzle on the front face (+X pushes the grid toward −X). Flame VFX socket at the nozzle exit. Thruster damage cone: 3× nozzle length behind the exhaust; keep it clear of the mesh.
SM_PRO_RCSThrusterQuad_SG,PRO-007,block.propulsion.rcs_thruster_quad,RCS Thruster Quad,,PRO,Thrusters,SG,1×1×1,0.50x0.50x0.50,T2,IND,S,40,60,0,steel_plate:2; thruster_component:2; small_tube:2,300,150,60,18,2,2,Shared trim sheet only (no unique maps),1024,back,,SOCKET_VfxExhaust_Front_01 SOCKET_VfxExhaust_Top_01 SOCKET_VfxExhaust_Left_01 SOCKET_VfxExhaust_Right_01,,,XS,assets/parts/propulsion/SM_PRO_RCSThrusterQuad_SG.blend,export/parts/propulsion/SM_PRO_RCSThrusterQuad_SG.fbx,Not started,,Classic four-nozzle cluster on a small base plate.
SM_PRO_Gyroscope_LG,PRO-008,block.propulsion.gyroscope,Gyroscope,,PRO,Control Moment,LG,1×1×1,2.50x2.50x2.50,T1,IND,M,3500,2000,-30,steel_plate:600; construction_component:40; large_tube:4; metal_grid:50; motor:4; computer:5,4000,2000,800,240,3,6,Trim sheets + one 1K unique atlas,512,front back left right top bottom,front back left right top bottom,,Flywheel: spins with demand | Gimbal rings ×2: tilt,Status ring,S,assets/parts/propulsion/SM_PRO_Gyroscope_LG.blend,export/parts/propulsion/SM_PRO_Gyroscope_LG.fbx,Not started,,Visible flywheel behind a cage on two faces.
SM_PRO_Gyroscope_SG,PRO-008,block.propulsion.gyroscope,Gyroscope,,PRO,Control Moment,SG,1×1×1,0.50x0.50x0.50,T1,IND,M,100,200,-1,steel_plate:90; construction_component:6; large_tube:1; metal_grid:8; motor:1; computer:1,1500,750,300,90,3,6,Trim sheets + one 1K unique atlas,1024,front back left right top bottom,front back left right top bottom,,Flywheel: spins with demand | Gimbal rings ×2: tilt,Status ring,XS,assets/parts/propulsion/SM_PRO_Gyroscope_SG.blend,export/parts/propulsion/SM_PRO_Gyroscope_SG.fbx,Not started,,Visible flywheel behind a cage on two faces.
SM_PRO_WheelSuspension_1x1_LG,PRO-009,block.propulsion.wheel_suspension,Wheel Suspension,1×1,PRO,Ground,LG,1×1×1,2.50x2.50x2.50,T1,IND,M,700,1500,-20,steel_plate:25; construction_component:15; large_tube:6; small_tube:12; motor:6,4000,2000,800,240,3,6,Trim sheets + one 1K unique atlas,512,back,,SOCKET_Wheel_Left_01 SOCKET_AttachTop_Left_01,Wheel: spins; steers ±35° | Suspension arm: travels 0.3/1.0/1.6 m (by size),,S,assets/parts/propulsion/SM_PRO_WheelSuspension_1x1_LG.blend,export/parts/propulsion/SM_PRO_WheelSuspension_1x1_LG.fbx,Not started,,Wheel and suspension are separate meshes. Tire tread normal map scrolls with speed; the tire bulges under load (vertex shader).
SM_PRO_WheelSuspension_1x1_SG,PRO-009,block.propulsion.wheel_suspension,Wheel Suspension,1×1,PRO,Ground,SG,1×1×1,0.50x0.50x0.50,T1,IND,M,60,150,-2,steel_plate:4; construction_component:2; large_tube:1; small_tube:2; motor:1,1500,750,300,90,3,6,Trim sheets + one 1K unique atlas,1024,back,,SOCKET_Wheel_Left_01 SOCKET_AttachTop_Left_01,Wheel: spins; steers ±35° | Suspension arm: travels 0.3/1.0/1.6 m (by size),,XS,assets/parts/propulsion/SM_PRO_WheelSuspension_1x1_SG.blend,export/parts/propulsion/SM_PRO_WheelSuspension_1x1_SG.fbx,Not started,,Wheel and suspension are separate meshes. Tire tread normal map scrolls with speed; the tire bulges under load (vertex shader).
SM_PRO_WheelSuspension_3x3_LG,PRO-009,block.propulsion.wheel_suspension,Wheel Suspension,3×3,PRO,Ground,LG,1×3×3,2.50x7.50x7.50,T1,IND,M,1540,2700,-20,steel_plate:55; construction_component:33; large_tube:13; small_tube:26; motor:13,4000,2000,800,240,3,6,Trim sheets + one 1K unique atlas,512,back,,SOCKET_Wheel_Left_01 SOCKET_AttachTop_Left_01,Wheel: spins; steers ±35° | Suspension arm: travels 0.3/1.0/1.6 m (by size),,M,assets/parts/propulsion/SM_PRO_WheelSuspension_3x3_LG.blend,export/parts/propulsion/SM_PRO_WheelSuspension_3x3_LG.fbx,Not started,,Wheel and suspension are separate meshes. Tire tread normal map scrolls with speed; the tire bulges under load (vertex shader).
SM_PRO_WheelSuspension_3x3_SG,PRO-009,block.propulsion.wheel_suspension,Wheel Suspension,3×3,PRO,Ground,SG,1×3×3,0.50x1.50x1.50,T1,IND,M,132,270,-2,steel_plate:9; construction_component:4; large_tube:2; small_tube:4; motor:2,1500,750,300,90,3,6,Trim sheets + one 1K unique atlas,1024,back,,SOCKET_Wheel_Left_01 SOCKET_AttachTop_Left_01,Wheel: spins; steers ±35° | Suspension arm: travels 0.3/1.0/1.6 m (by size),,S,assets/parts/propulsion/SM_PRO_WheelSuspension_3x3_SG.blend,export/parts/propulsion/SM_PRO_WheelSuspension_3x3_SG.fbx,Not started,,Wheel and suspension are separate meshes. Tire tread normal map scrolls with speed; the tire bulges under load (vertex shader).
SM_PRO_WheelSuspension_5x5_LG,PRO-009,block.propulsion.wheel_suspension,Wheel Suspension,5×5,PRO,Ground,LG,1×5×5,2.50x12.50x12.50,T1,IND,M,2800,4500,-20,steel_plate:100; construction_component:60; large_tube:24; small_tube:48; motor:24,4000,2000,800,240,3,6,Trim sheets + one 1K unique atlas,512,back,,SOCKET_Wheel_Left_01 SOCKET_AttachTop_Left_01,Wheel: spins; steers ±35° | Suspension arm: travels 0.3/1.0/1.6 m (by size),,L,assets/parts/propulsion/SM_PRO_WheelSuspension_5x5_LG.blend,export/parts/propulsion/SM_PRO_WheelSuspension_5x5_LG.fbx,Not started,,Wheel and suspension are separate meshes. Tire tread normal map scrolls with speed; the tire bulges under load (vertex shader).
SM_PRO_WheelSuspension_5x5_SG,PRO-009,block.propulsion.wheel_suspension,Wheel Suspension,5×5,PRO,Ground,SG,1×5×5,0.50x2.50x2.50,T1,IND,M,240,450,-2,steel_plate:16; construction_component:8; large_tube:4; small_tube:8; motor:4,1500,750,300,90,3,6,Trim sheets + one 1K unique atlas,1024,back,,SOCKET_Wheel_Left_01 SOCKET_AttachTop_Left_01,Wheel: spins; steers ±35° | Suspension arm: travels 0.3/1.0/1.6 m (by size),,S,assets/parts/propulsion/SM_PRO_WheelSuspension_5x5_SG.blend,export/parts/propulsion/SM_PRO_WheelSuspension_5x5_SG.fbx,Not started,,Wheel and suspension are separate meshes. Tire tread normal map scrolls with speed; the tire bulges under load (vertex shader).
SM_PRO_LandingGear_LG,PRO-010,block.propulsion.landing_gear,Landing Gear,,PRO,Landing,LG,1×1×1,2.50x2.50x2.50,T1,IND,M,700,1500,-0.1,steel_plate:150; construction_component:20; motor:6,4000,2000,800,240,3,6,Trim sheets + one 1K unique atlas,512,back,,,Pad: articulates ±15° | Lock clamps ×4,Lock status: yellow ready / green locked,S,assets/parts/propulsion/SM_PRO_LandingGear_LG.blend,export/parts/propulsion/SM_PRO_LandingGear_LG.fbx,Not started,,"Flat pad on a short strut, facing the front face."
SM_PRO_LandingGear_SG,PRO-010,block.propulsion.landing_gear,Landing Gear,,PRO,Landing,SG,1×1×1,0.50x0.50x0.50,T1,IND,M,40,150,-0.01,steel_plate:22; construction_component:3; motor:1,1500,750,300,90,3,6,Trim sheets + one 1K unique atlas,1024,back,,,Pad: articulates ±15° | Lock clamps ×4,Lock status: yellow ready / green locked,XS,assets/parts/propulsion/SM_PRO_LandingGear_SG.blend,export/parts/propulsion/SM_PRO_LandingGear_SG.fbx,Not started,,"Flat pad on a short strut, facing the front face."
SM_PRO_LandingLeg_LG,PRO-011,block.propulsion.landing_leg,Landing Leg,,PRO,Landing,LG,1×2×1,2.50x5.00x2.50,T2,IND,M,1500,2500,-2,steel_plate:40; construction_component:20; motor:8; large_tube:4,4000,2000,800,240,3,6,Trim sheets + one 1K unique atlas,512,top,,SOCKET_AttachTop_Top_01,Upper strut | Lower strut: telescopes | Foot pad: ±25° ball joint,,M,assets/parts/propulsion/SM_PRO_LandingLeg_LG.blend,export/parts/propulsion/SM_PRO_LandingLeg_LG.fbx,Not started,,"Rig pivots: PART_Hip, PART_Strut, PART_Foot."
SM_PRO_LandingLeg_SG,PRO-011,block.propulsion.landing_leg,Landing Leg,,PRO,Landing,SG,1×3×1,0.50x1.50x0.50,T2,IND,M,120,250,-0.2,steel_plate:6; construction_component:3; motor:1; large_tube:1,1500,750,300,90,3,6,Trim sheets + one 1K unique atlas,1024,top,,SOCKET_AttachTop_Top_01,Upper strut | Lower strut: telescopes | Foot pad: ±25° ball joint,,S,assets/parts/propulsion/SM_PRO_LandingLeg_SG.blend,export/parts/propulsion/SM_PRO_LandingLeg_SG.fbx,Not started,,"Rig pivots: PART_Hip, PART_Strut, PART_Foot."
SM_PRO_ParachuteHatch_LG,PRO-012,block.propulsion.parachute_hatch,Parachute Hatch,,PRO,Landing,LG,1×1×1,2.50x2.50x2.50,T1,IND,S,500,800,0,steel_plate:20; construction_component:10; fabric:40; motor:1,800,400,160,48,2,2,Shared trim sheet only (no unique maps),512,front back left right top bottom,front back left right top bottom,,Hatch lid: pops 120° | Canopy: cloth sim or pre-animated skeletal canopy,,S,assets/parts/propulsion/SM_PRO_ParachuteHatch_LG.blend,export/parts/propulsion/SM_PRO_ParachuteHatch_LG.fbx,Not started,,"Canopy is a separate skeletal mesh SK_PRO_ParachuteCanopy (shared by both grids, scaled)."
SM_PRO_ParachuteHatch_SG,PRO-012,block.propulsion.parachute_hatch,Parachute Hatch,,PRO,Landing,SG,1×1×1,0.50x0.50x0.50,T1,IND,S,40,80,0,steel_plate:3; construction_component:2; fabric:6; motor:1,300,150,60,18,2,2,Shared trim sheet only (no unique maps),1024,front back left right top bottom,front back left right top bottom,,Hatch lid: pops 120° | Canopy: cloth sim or pre-animated skeletal canopy,,XS,assets/parts/propulsion/SM_PRO_ParachuteHatch_SG.blend,export/parts/propulsion/SM_PRO_ParachuteHatch_SG.fbx,Not started,,"Canopy is a separate skeletal mesh SK_PRO_ParachuteCanopy (shared by both grids, scaled)."
SM_PRO_Wing_1x1_LG,PRO-013,block.propulsion.wing,Wing,1×1,PRO,Aerodynamics,LG,1×1×1,2.50x2.50x2.50,T2,IND,S,900,1200,0,steel_plate:20; girder:6; construction_component:4,800,400,160,48,2,2,Shared trim sheet only (no unique maps),512,back left right,,,,,S,assets/parts/propulsion/SM_PRO_Wing_1x1_LG.blend,export/parts/propulsion/SM_PRO_Wing_1x1_LG.fbx,Not started,,Airfoil profile 0.4 m thick (LG). Leading edge on the front face.
SM_PRO_Wing_1x1_SG,PRO-013,block.propulsion.wing,Wing,1×1,PRO,Aerodynamics,SG,1×1×1,0.50x0.50x0.50,T2,IND,S,40,100,0,steel_plate:3; girder:1; construction_component:1,300,150,60,18,2,2,Shared trim sheet only (no unique maps),1024,back left right,,,,,XS,assets/parts/propulsion/SM_PRO_Wing_1x1_SG.blend,export/parts/propulsion/SM_PRO_Wing_1x1_SG.fbx,Not started,,Airfoil profile 0.4 m thick (LG). Leading edge on the front face.
SM_PRO_Wing_2x1_LG,PRO-013,block.propulsion.wing,Wing,2×1,PRO,Aerodynamics,LG,2×1×1,5.00x2.50x2.50,T2,IND,S,1800,2400,0,steel_plate:40; girder:12; construction_component:8,800,400,160,48,2,2,Shared trim sheet only (no unique maps),512,back left right,,,,,M,assets/parts/propulsion/SM_PRO_Wing_2x1_LG.blend,export/parts/propulsion/SM_PRO_Wing_2x1_LG.fbx,Not started,,Airfoil profile 0.4 m thick (LG). Leading edge on the front face.
SM_PRO_Wing_2x1_SG,PRO-013,block.propulsion.wing,Wing,2×1,PRO,Aerodynamics,SG,2×1×1,1.00x0.50x0.50,T2,IND,S,80,200,0,steel_plate:6; girder:2; construction_component:2,300,150,60,18,2,2,Shared trim sheet only (no unique maps),1024,back left right,,,,,S,assets/parts/propulsion/SM_PRO_Wing_2x1_SG.blend,export/parts/propulsion/SM_PRO_Wing_2x1_SG.fbx,Not started,,Airfoil profile 0.4 m thick (LG). Leading edge on the front face.
SM_PRO_Wing_3x1_LG,PRO-013,block.propulsion.wing,Wing,3×1,PRO,Aerodynamics,LG,3×1×1,7.50x2.50x2.50,T2,IND,S,2700,3600,0,steel_plate:60; girder:18; construction_component:12,800,400,160,48,2,2,Shared trim sheet only (no unique maps),512,back left right,,,,,M,assets/parts/propulsion/SM_PRO_Wing_3x1_LG.blend,export/parts/propulsion/SM_PRO_Wing_3x1_LG.fbx,Not started,,Airfoil profile 0.4 m thick (LG). Leading edge on the front face.
SM_PRO_Wing_3x1_SG,PRO-013,block.propulsion.wing,Wing,3×1,PRO,Aerodynamics,SG,3×1×1,1.50x0.50x0.50,T2,IND,S,120,300,0,steel_plate:9; girder:3; construction_component:3,300,150,60,18,2,2,Shared trim sheet only (no unique maps),1024,back left right,,,,,S,assets/parts/propulsion/SM_PRO_Wing_3x1_SG.blend,export/parts/propulsion/SM_PRO_Wing_3x1_SG.fbx,Not started,,Airfoil profile 0.4 m thick (LG). Leading edge on the front face.
SM_PRO_Wing_Tip_LG,PRO-013,block.propulsion.wing,Wing,Tip,PRO,Aerodynamics,LG,1×1×1,2.50x2.50x2.50,T2,IND,S,540,720,0,steel_plate:12; girder:4; construction_component:2,800,400,160,48,2,2,Shared trim sheet only (no unique maps),512,back left right,,,,,S,assets/parts/propulsion/SM_PRO_Wing_Tip_LG.blend,export/parts/propulsion/SM_PRO_Wing_Tip_LG.fbx,Not started,,Airfoil profile 0.4 m thick (LG). Leading edge on the front face.
SM_PRO_Wing_Tip_SG,PRO-013,block.propulsion.wing,Wing,Tip,PRO,Aerodynamics,SG,1×1×1,0.50x0.50x0.50,T2,IND,S,24,60,0,steel_plate:2; girder:1; construction_component:1,300,150,60,18,2,2,Shared trim sheet only (no unique maps),1024,back left right,,,,,XS,assets/parts/propulsion/SM_PRO_Wing_Tip_SG.blend,export/parts/propulsion/SM_PRO_Wing_Tip_SG.fbx,Not started,,Airfoil profile 0.4 m thick (LG). Leading edge on the front face.
SM_PRO_Elevon_LG,PRO-014,block.propulsion.elevon,Elevon,,PRO,Aerodynamics,LG,1×1×1,2.50x2.50x2.50,T2,IND,S,700,900,-1,steel_plate:14; motor:2; construction_component:4,800,400,160,48,2,2,Shared trim sheet only (no unique maps),512,front left right,,,Surface: hinges ±30° at the front edge,,S,assets/parts/propulsion/SM_PRO_Elevon_LG.blend,export/parts/propulsion/SM_PRO_Elevon_LG.fbx,Not started,,Matches the Wing profile at its hinge line.
SM_PRO_Elevon_SG,PRO-014,block.propulsion.elevon,Elevon,,PRO,Aerodynamics,SG,1×1×1,0.50x0.50x0.50,T2,IND,S,30,80,-0.1,steel_plate:2; motor:1; construction_component:1,300,150,60,18,2,2,Shared trim sheet only (no unique maps),1024,front left right,,,Surface: hinges ±30° at the front edge,,XS,assets/parts/propulsion/SM_PRO_Elevon_SG.blend,export/parts/propulsion/SM_PRO_Elevon_SG.fbx,Not started,,Matches the Wing profile at its hinge line.
SM_PRO_PulseDrive_LG,PRO-015,block.propulsion.pulse_drive,Pulse Drive,,PRO,Drives,LG,3×3×5,7.50x7.50x12.50,T3,IND,XL,45000,10000,-25000,steel_plate:400; superconductor:200; thruster_component:200; computer:80; large_tube:40,40000,20000,8000,2400,4,24,4K unique texture set + trim sheets,512,front back left right top bottom,front back left right top bottom,SOCKET_Interact_Left_01 SOCKET_Work_Left_01,"Magnetic rings ×3: counter-rotate, speed with charge",Ring charge glow (white-violet),L,assets/parts/propulsion/SM_PRO_PulseDrive_LG.blend,export/parts/propulsion/SM_PRO_PulseDrive_LG.fbx,Not started,,"Three stacked rings around a central core, visible through open side bays."
SM_PRO_SmallHydrogenTank_LG,PRO-016,block.propulsion.small_hydrogen_tank,Small Hydrogen Tank,,PRO,Fuel,LG,1×1×1,2.50x2.50x2.50,T2,IND,S,2400,2500,0,steel_plate:80; large_tube:40; small_tube:60; computer:8; construction_component:40,800,400,160,48,2,2,Shared trim sheet only (no unique maps),512,front back left right top bottom,front back left right top bottom,SOCKET_Fuel_Top_01 SOCKET_Fuel_Bottom_01,,Fill gauge,S,assets/parts/propulsion/SM_PRO_SmallHydrogenTank_LG.blend,export/parts/propulsion/SM_PRO_SmallHydrogenTank_LG.fbx,Not started,,White tank with red H₂ band.
SM_PRO_SmallHydrogenTank_SG,PRO-016,block.propulsion.small_hydrogen_tank,Small Hydrogen Tank,,PRO,Fuel,SG,1×1×1,0.50x0.50x0.50,T2,IND,S,110,200,0,steel_plate:12; large_tube:6; small_tube:9; computer:1; construction_component:6,300,150,60,18,2,2,Shared trim sheet only (no unique maps),1024,front back left right top bottom,front back left right top bottom,SOCKET_Fuel_Top_01 SOCKET_Fuel_Bottom_01,,Fill gauge,XS,assets/parts/propulsion/SM_PRO_SmallHydrogenTank_SG.blend,export/parts/propulsion/SM_PRO_SmallHydrogenTank_SG.fbx,Not started,,White tank with red H₂ band.
SM_PRO_LargeHydrogenTank_LG,PRO-017,block.propulsion.large_hydrogen_tank,Large Hydrogen Tank,,PRO,Fuel,LG,3×3×3,7.50x7.50x7.50,T2,IND,M,20000,12000,0,steel_plate:280; large_tube:80; small_tube:60; computer:8; construction_component:40,4000,2000,800,240,3,6,Trim sheets + one 1K unique atlas,512,front back left right top bottom,front back left right top bottom,SOCKET_Fuel_Top_01 SOCKET_Fuel_Bottom_01 SOCKET_Fuel_Back_01,,Fill gauge,M,assets/parts/propulsion/SM_PRO_LargeHydrogenTank_LG.blend,export/parts/propulsion/SM_PRO_LargeHydrogenTank_LG.fbx,Not started,,Spherical tank inside a square frame.
SM_PRO_LargeHydrogenTank_SG,PRO-017,block.propulsion.large_hydrogen_tank,Large Hydrogen Tank,,PRO,Fuel,SG,3×3×3,1.50x1.50x1.50,T2,IND,M,800,1200,0,steel_plate:42; large_tube:12; small_tube:9; computer:1; construction_component:6,1500,750,300,90,3,6,Trim sheets + one 1K unique atlas,1024,front back left right top bottom,front back left right top bottom,SOCKET_Fuel_Top_01 SOCKET_Fuel_Bottom_01 SOCKET_Fuel_Back_01,,Fill gauge,S,assets/parts/propulsion/SM_PRO_LargeHydrogenTank_SG.blend,export/parts/propulsion/SM_PRO_LargeHydrogenTank_SG.fbx,Not started,,Spherical tank inside a square frame.
SM_PRO_MethaloxRocketEngine_LG,PRO-018,block.propulsion.methalox_rocket_engine,Methalox Rocket Engine,,PRO,Launch Hardware,LG,1×1×2,2.50x2.50x5.00,T1,IND,L,1800,2500,0,steel_plate:30; thruster_component:20; large_tube:12; motor:4; computer:2,12000,6000,2400,720,3,12,Trim sheets + one 2K unique atlas,512,back,,SOCKET_VfxExhaust_Front_01 SOCKET_Fuel_Back_01 SOCKET_Fuel_Back_02,Nozzle: gimbals ±8° (2 axes),Nozzle heat glow,M,assets/parts/propulsion/SM_PRO_MethaloxRocketEngine_LG.blend,export/parts/propulsion/SM_PRO_MethaloxRocketEngine_LG.fbx,Not started,,Regeneratively cooled bell with visible plumbing. Gimbal pivot at the throat (PART_Gimbal).
SM_PRO_MethaloxTank_Short_LG,PRO-019,block.propulsion.methalox_tank,Methalox Tank,Short,PRO,Launch Hardware,LG,1×1×1,2.50x2.50x2.50,T1,IND,S,800,1200,0,steel_plate:30; large_tube:6; small_tube:10,800,400,160,48,2,2,Shared trim sheet only (no unique maps),512,front back left right top bottom,front back left right top bottom,SOCKET_Fuel_Top_01 SOCKET_Fuel_Bottom_01,,,S,assets/parts/propulsion/SM_PRO_MethaloxTank_Short_LG.blend,export/parts/propulsion/SM_PRO_MethaloxTank_Short_LG.fbx,Not started,,Frost on the LOX half (vertex-color mask). Kestrel logo decal.
SM_PRO_MethaloxTank_Tall_LG,PRO-019,block.propulsion.methalox_tank,Methalox Tank,Tall,PRO,Launch Hardware,LG,1×3×1,2.50x7.50x2.50,T1,IND,S,2400,3000,0,steel_plate:90; large_tube:18; small_tube:30,800,400,160,48,2,2,Shared trim sheet only (no unique maps),512,front back left right top bottom,front back left right top bottom,SOCKET_Fuel_Top_01 SOCKET_Fuel_Bottom_01,,,M,assets/parts/propulsion/SM_PRO_MethaloxTank_Tall_LG.blend,export/parts/propulsion/SM_PRO_MethaloxTank_Tall_LG.fbx,Not started,,Frost on the LOX half (vertex-color mask). Kestrel logo decal.
SM_PRO_StageSeparator_LG,PRO-020,block.propulsion.stage_separator,Stage Separator,,PRO,Launch Hardware,LG,1×1×1,2.50x2.50x2.50,T1,IND,S,400,600,0,steel_plate:10; explosives:2; construction_component:4,800,400,160,48,2,2,Shared trim sheet only (no unique maps),512,top bottom,,,Separation ring halves: push apart on springs,,S,assets/parts/propulsion/SM_PRO_StageSeparator_LG.blend,export/parts/propulsion/SM_PRO_StageSeparator_LG.fbx,Not started,,Thin ring (0.5 m LG). Top and bottom halves are separate meshes that become separate grids.
SM_PRO_StageSeparator_SG,PRO-020,block.propulsion.stage_separator,Stage Separator,,PRO,Launch Hardware,SG,1×1×1,0.50x0.50x0.50,T1,IND,S,20,60,0,steel_plate:2; explosives:1; construction_component:1,300,150,60,18,2,2,Shared trim sheet only (no unique maps),1024,top bottom,,,Separation ring halves: push apart on springs,,XS,assets/parts/propulsion/SM_PRO_StageSeparator_SG.blend,export/parts/propulsion/SM_PRO_StageSeparator_SG.fbx,Not started,,Thin ring (0.5 m LG). Top and bottom halves are separate meshes that become separate grids.
SM_PRO_LaunchClamp_Manual_LG,PRO-021,block.propulsion.launch_clamp,Launch Clamp,Manual,PRO,Launch Hardware,LG,1×3×1,2.50x7.50x2.50,T1,IND,M,6000,5000,0,steel_plate:60; girder:20; motor:4,4000,2000,800,240,3,6,Trim sheets + one 1K unique atlas,512,bottom back,,SOCKET_Interact_Front_01,"Clamp arm: retracts 90°, 1.5 s | Manual release lever (Tug's lever)",,M,assets/parts/propulsion/SM_PRO_LaunchClamp_Manual_LG.blend,export/parts/propulsion/SM_PRO_LaunchClamp_Manual_LG.fbx,Not started,,Two assets: SM_PRO_LaunchClamp (manual lever) and the 'Automated' variant with a pneumatic actuator — the hidden engineering solution that saves Tug.
SM_PRO_LaunchClamp_Automated_LG,PRO-021,block.propulsion.launch_clamp,Launch Clamp,Automated,PRO,Launch Hardware,LG,1×3×1,2.50x7.50x2.50,T1,IND,M,6000,5000,0,steel_plate:60; girder:20; motor:6; computer:2,4000,2000,800,240,3,6,Trim sheets + one 1K unique atlas,512,bottom back,,SOCKET_Interact_Front_01,"Clamp arm: retracts 90°, 1.5 s | Manual release lever (Tug's lever)",,M,assets/parts/propulsion/SM_PRO_LaunchClamp_Automated_LG.blend,export/parts/propulsion/SM_PRO_LaunchClamp_Automated_LG.fbx,Not started,,Two assets: SM_PRO_LaunchClamp (manual lever) and the 'Automated' variant with a pneumatic actuator — the hidden engineering solution that saves Tug.
SM_PRO_HeatShield_Block_LG,PRO-022,block.propulsion.heat_shield,Heat Shield,Block,PRO,Launch Hardware,LG,1×1×1,2.50x2.50x2.50,T1,IND,S,800,1200,0,steel_plate:10; heat_shield_tile:25,800,400,160,48,2,2,Shared trim sheet only (no unique maps),512,front back left right top bottom,front back left right top bottom,,,,S,assets/parts/propulsion/SM_PRO_HeatShield_Block_LG.blend,export/parts/propulsion/SM_PRO_HeatShield_Block_LG.fbx,Not started,,Black hexagonal tile pattern; char and ablation driven by a 'Burn' parameter after re-entry.
SM_PRO_HeatShield_Block_SG,PRO-022,block.propulsion.heat_shield,Heat Shield,Block,PRO,Launch Hardware,SG,1×1×1,0.50x0.50x0.50,T1,IND,S,30,80,0,heat_shield_tile:2,300,150,60,18,2,2,Shared trim sheet only (no unique maps),1024,front back left right top bottom,front back left right top bottom,,,,XS,assets/parts/propulsion/SM_PRO_HeatShield_Block_SG.blend,export/parts/propulsion/SM_PRO_HeatShield_Block_SG.fbx,Not started,,Black hexagonal tile pattern; char and ablation driven by a 'Burn' parameter after re-entry.
SM_PRO_HeatShield_Slope_LG,PRO-022,block.propulsion.heat_shield,Heat Shield,Slope,PRO,Launch Hardware,LG,1×1×1,2.50x2.50x2.50,T1,IND,S,400,600,0,steel_plate:5; heat_shield_tile:12,800,400,160,48,2,2,Shared trim sheet only (no unique maps),512,front back left right top bottom,front back left right top bottom,,,,S,assets/parts/propulsion/SM_PRO_HeatShield_Slope_LG.blend,export/parts/propulsion/SM_PRO_HeatShield_Slope_LG.fbx,Not started,,Black hexagonal tile pattern; char and ablation driven by a 'Burn' parameter after re-entry.
SM_PRO_HeatShield_Slope_SG,PRO-022,block.propulsion.heat_shield,Heat Shield,Slope,PRO,Launch Hardware,SG,1×1×1,0.50x0.50x0.50,T1,IND,S,15,40,0,heat_shield_tile:1,300,150,60,18,2,2,Shared trim sheet only (no unique maps),1024,front back left right top bottom,front back left right top bottom,,,,XS,assets/parts/propulsion/SM_PRO_HeatShield_Slope_SG.blend,export/parts/propulsion/SM_PRO_HeatShield_Slope_SG.fbx,Not started,,Black hexagonal tile pattern; char and ablation driven by a 'Burn' parameter after re-entry.
SM_PRO_HeatShield_Corner_LG,PRO-022,block.propulsion.heat_shield,Heat Shield,Corner,PRO,Launch Hardware,LG,1×1×1,2.50x2.50x2.50,T1,IND,S,160,240,0,steel_plate:2; heat_shield_tile:5,800,400,160,48,2,2,Shared trim sheet only (no unique maps),512,front back left right top bottom,front back left right top bottom,,,,S,assets/parts/propulsion/SM_PRO_HeatShield_Corner_LG.blend,export/parts/propulsion/SM_PRO_HeatShield_Corner_LG.fbx,Not started,,Black hexagonal tile pattern; char and ablation driven by a 'Burn' parameter after re-entry.
SM_PRO_HeatShield_Corner_SG,PRO-022,block.propulsion.heat_shield,Heat Shield,Corner,PRO,Launch Hardware,SG,1×1×1,0.50x0.50x0.50,T1,IND,S,6.0,16,0,heat_shield_tile:1,300,150,60,18,2,2,Shared trim sheet only (no unique maps),1024,front back left right top bottom,front back left right top bottom,,,,XS,assets/parts/propulsion/SM_PRO_HeatShield_Corner_SG.blend,export/parts/propulsion/SM_PRO_HeatShield_Corner_SG.fbx,Not started,,Black hexagonal tile pattern; char and ablation driven by a 'Burn' parameter after re-entry.
SM_PRO_AerodynamicFairing_Straight_LG,PRO-023,block.propulsion.aerodynamic_fairing,Aerodynamic Fairing,Straight,PRO,Launch Hardware,LG,1×1×1,2.50x2.50x2.50,T1,IND,S,300,500,0,steel_plate:6; bio_plastic:6,800,400,160,48,2,2,Shared trim sheet only (no unique maps),512,back bottom,,,,,S,assets/parts/propulsion/SM_PRO_AerodynamicFairing_Straight_LG.blend,export/parts/propulsion/SM_PRO_AerodynamicFairing_Straight_LG.fbx,Not started,,Shares the Round Slope profile.
SM_PRO_AerodynamicFairing_Straight_SG,PRO-023,block.propulsion.aerodynamic_fairing,Aerodynamic Fairing,Straight,PRO,Launch Hardware,SG,1×1×1,0.50x0.50x0.50,T1,IND,S,12,40,0,steel_plate:1; bio_plastic:1,300,150,60,18,2,2,Shared trim sheet only (no unique maps),1024,back bottom,,,,,XS,assets/parts/propulsion/SM_PRO_AerodynamicFairing_Straight_SG.blend,export/parts/propulsion/SM_PRO_AerodynamicFairing_Straight_SG.fbx,Not started,,Shares the Round Slope profile.
SM_PRO_AerodynamicFairing_NoseCone_LG,PRO-023,block.propulsion.aerodynamic_fairing,Aerodynamic Fairing,Nose Cone,PRO,Launch Hardware,LG,1×1×1,2.50x2.50x2.50,T1,IND,S,300,500,0,steel_plate:6; bio_plastic:6,800,400,160,48,2,2,Shared trim sheet only (no unique maps),512,back bottom,,,,,S,assets/parts/propulsion/SM_PRO_AerodynamicFairing_NoseCone_LG.blend,export/parts/propulsion/SM_PRO_AerodynamicFairing_NoseCone_LG.fbx,Not started,,Shares the Round Slope profile.
SM_PRO_AerodynamicFairing_NoseCone_SG,PRO-023,block.propulsion.aerodynamic_fairing,Aerodynamic Fairing,Nose Cone,PRO,Launch Hardware,SG,1×1×1,0.50x0.50x0.50,T1,IND,S,12,40,0,steel_plate:1; bio_plastic:1,300,150,60,18,2,2,Shared trim sheet only (no unique maps),1024,back bottom,,,,,XS,assets/parts/propulsion/SM_PRO_AerodynamicFairing_NoseCone_SG.blend,export/parts/propulsion/SM_PRO_AerodynamicFairing_NoseCone_SG.fbx,Not started,,Shares the Round Slope profile.
SM_MEC_Rotor_LG,MEC-001,block.mechanical.rotor,Rotor,,MEC,Rotation,LG,1×1×1,2.50x2.50x2.50,T2,IND,M,1200,2000,-10,steel_plate:15; construction_component:10; large_tube:4; motor:4; computer:2,4000,2000,800,240,3,6,Trim sheets + one 1K unique atlas,512,bottom,,SOCKET_AttachTop_Top_01,"Rotor head: rotates about Z, unlimited",Lock indicator,S,assets/parts/mechanical/SM_MEC_Rotor_LG.blend,export/parts/mechanical/SM_MEC_Rotor_LG.fbx,Not started,,Two assets per grid: the base (this part) and SM_MEC_RotorHead_*.
SM_MEC_Rotor_SG,MEC-001,block.mechanical.rotor,Rotor,,MEC,Rotation,SG,1×1×1,0.50x0.50x0.50,T2,IND,M,60,200,-1,steel_plate:2; construction_component:2; large_tube:1; motor:1; computer:1,1500,750,300,90,3,6,Trim sheets + one 1K unique atlas,1024,bottom,,SOCKET_AttachTop_Top_01,"Rotor head: rotates about Z, unlimited",Lock indicator,XS,assets/parts/mechanical/SM_MEC_Rotor_SG.blend,export/parts/mechanical/SM_MEC_Rotor_SG.fbx,Not started,,Two assets per grid: the base (this part) and SM_MEC_RotorHead_*.
SM_MEC_AdvancedRotor_LG,MEC-002,block.mechanical.advanced_rotor,Advanced Rotor,,MEC,Rotation,LG,1×1×1,2.50x2.50x2.50,T3,IND,M,1600,2400,-12,steel_plate:20; construction_component:12; large_tube:6; motor:6; computer:4,4000,2000,800,240,3,6,Trim sheets + one 1K unique atlas,512,bottom,,SOCKET_AttachTop_Top_01 SOCKET_ConveyorLarge_Bottom_01 SOCKET_ConveyorLarge_Top_01,Rotor head: rotates about Z,,S,assets/parts/mechanical/SM_MEC_AdvancedRotor_LG.blend,export/parts/mechanical/SM_MEC_AdvancedRotor_LG.fbx,Not started,,Ring bearing with a visible open core.
SM_MEC_AdvancedRotor_SG,MEC-002,block.mechanical.advanced_rotor,Advanced Rotor,,MEC,Rotation,SG,1×1×1,0.50x0.50x0.50,T3,IND,M,80,240,-1.2,steel_plate:3; construction_component:2; large_tube:1; motor:1; computer:1,1500,750,300,90,3,6,Trim sheets + one 1K unique atlas,1024,bottom,,SOCKET_AttachTop_Top_01 SOCKET_ConveyorLarge_Bottom_01 SOCKET_ConveyorLarge_Top_01,Rotor head: rotates about Z,,XS,assets/parts/mechanical/SM_MEC_AdvancedRotor_SG.blend,export/parts/mechanical/SM_MEC_AdvancedRotor_SG.fbx,Not started,,Ring bearing with a visible open core.
SM_MEC_Hinge_LG,MEC-003,block.mechanical.hinge,Hinge,,MEC,Rotation,LG,1×1×1,2.50x2.50x2.50,T2,IND,M,1000,1800,-8,steel_plate:12; construction_component:10; large_tube:4; motor:4; computer:2,4000,2000,800,240,3,6,Trim sheets + one 1K unique atlas,512,bottom,,SOCKET_AttachTop_Top_01,"Hinge leaf: rotates about Y, ±90°",,S,assets/parts/mechanical/SM_MEC_Hinge_LG.blend,export/parts/mechanical/SM_MEC_Hinge_LG.fbx,Not started,,Knuckle hinge with a visible pin.
SM_MEC_Hinge_SG,MEC-003,block.mechanical.hinge,Hinge,,MEC,Rotation,SG,1×1×1,0.50x0.50x0.50,T2,IND,M,50,180,-0.8,steel_plate:2; construction_component:2; large_tube:1; motor:1; computer:1,1500,750,300,90,3,6,Trim sheets + one 1K unique atlas,1024,bottom,,SOCKET_AttachTop_Top_01,"Hinge leaf: rotates about Y, ±90°",,XS,assets/parts/mechanical/SM_MEC_Hinge_SG.blend,export/parts/mechanical/SM_MEC_Hinge_SG.fbx,Not started,,Knuckle hinge with a visible pin.
SM_MEC_Piston_LG,MEC-004,block.mechanical.piston,Piston,,MEC,Linear,LG,1×1×1,2.50x2.50x2.50,T2,IND,M,1400,2000,-12,steel_plate:15; construction_component:10; large_tube:4; motor:4; computer:2,4000,2000,800,240,3,6,Trim sheets + one 1K unique atlas,512,bottom,,SOCKET_AttachTop_Top_01,Telescoping sections ×3 | Piston head,,S,assets/parts/mechanical/SM_MEC_Piston_LG.blend,export/parts/mechanical/SM_MEC_Piston_LG.fbx,Not started,,Collapsed length fits the cell; each section is a separate PART_ mesh.
SM_MEC_Piston_SG,MEC-004,block.mechanical.piston,Piston,,MEC,Linear,SG,1×1×1,0.50x0.50x0.50,T2,IND,M,70,200,-1,steel_plate:2; construction_component:2; large_tube:1; motor:1; computer:1,1500,750,300,90,3,6,Trim sheets + one 1K unique atlas,1024,bottom,,SOCKET_AttachTop_Top_01,Telescoping sections ×3 | Piston head,,XS,assets/parts/mechanical/SM_MEC_Piston_SG.blend,export/parts/mechanical/SM_MEC_Piston_SG.fbx,Not started,,Collapsed length fits the cell; each section is a separate PART_ mesh.
SM_MEC_MergeBlock_LG,MEC-005,block.mechanical.merge_block,Merge Block,,MEC,Joining,LG,1×1×1,2.50x2.50x2.50,T2,IND,S,900,1500,-0.5,steel_plate:12; construction_component:15; motor:2; large_tube:6; computer:2,800,400,160,48,2,2,Shared trim sheet only (no unique maps),512,front back left right top bottom,front back left right top bottom,,,Alignment arrows (yellow → green),S,assets/parts/mechanical/SM_MEC_MergeBlock_LG.blend,export/parts/mechanical/SM_MEC_MergeBlock_LG.fbx,Not started,,The merge face has a clear alignment arrow; the opposite face is plain.
SM_MEC_MergeBlock_SG,MEC-005,block.mechanical.merge_block,Merge Block,,MEC,Joining,SG,1×1×1,0.50x0.50x0.50,T2,IND,S,40,120,-0.05,steel_plate:2; construction_component:2; motor:1; large_tube:1; computer:1,300,150,60,18,2,2,Shared trim sheet only (no unique maps),1024,front back left right top bottom,front back left right top bottom,,,Alignment arrows (yellow → green),XS,assets/parts/mechanical/SM_MEC_MergeBlock_SG.blend,export/parts/mechanical/SM_MEC_MergeBlock_SG.fbx,Not started,,The merge face has a clear alignment arrow; the opposite face is plain.
SM_MEC_HabitatRingBearing_LG,MEC-006,block.mechanical.habitat_ring_bearing,Habitat Ring Bearing,,MEC,Rotation,LG,3×3×3,7.50x7.50x7.50,T3,IND,L,30000,12000,-200,steel_plate:300; large_tube:40; motor:60; computer:10; superconductor:10,12000,6000,2400,720,3,12,Trim sheets + one 2K unique atlas,512,bottom top,front back left right top bottom,SOCKET_AttachTop_Top_01 SOCKET_Air_Top_01 SOCKET_Air_Bottom_01 SOCKET_ConveyorLarge_Top_01 SOCKET_ConveyorLarge_Bottom_01,Outer race: rotates about Z,Rotation-speed ring lights,M,assets/parts/mechanical/SM_MEC_HabitatRingBearing_LG.blend,export/parts/mechanical/SM_MEC_HabitatRingBearing_LG.fbx,Not started,,A walkable 2.5 m core tunnel through the bearing; ladder rungs inside.
SM_CTL_FlightSeat_LG,CTL-001,block.control.flight_seat,Flight Seat,,CTL,Seats & Cockpits,LG,1×1×1,2.50x2.50x2.50,T1,IND,M,400,500,0,interior_plate:20; construction_component:20; motor:1; display:4; computer:20,4000,2000,800,240,3,6,Trim sheets + one 1K unique atlas,512,bottom back,,SOCKET_Seat_Center_01 SOCKET_Lcd_Front_01 SOCKET_Interact_Center_01,,Control screens,S,assets/parts/control/SM_CTL_FlightSeat_LG.blend,export/parts/control/SM_CTL_FlightSeat_LG.fbx,Not started,,"Joystick + throttle meshes animate with input (PART_Stick, PART_Throttle)."
SM_CTL_FlightSeat_SG,CTL-001,block.control.flight_seat,Flight Seat,,CTL,Seats & Cockpits,SG,1×2×2,0.50x1.00x1.00,T1,IND,M,60,100,0,interior_plate:3; construction_component:3; motor:1; display:1; computer:3,1500,750,300,90,3,6,Trim sheets + one 1K unique atlas,1024,bottom back,,SOCKET_Seat_Center_01 SOCKET_Lcd_Front_01 SOCKET_Interact_Center_01,,Control screens,S,assets/parts/control/SM_CTL_FlightSeat_SG.blend,export/parts/control/SM_CTL_FlightSeat_SG.fbx,Not started,,"Joystick + throttle meshes animate with input (PART_Stick, PART_Throttle)."
SM_CTL_IndustrialCockpit_LG,CTL-002,block.control.industrial_cockpit,Industrial Cockpit,,CTL,Seats & Cockpits,LG,3×2×3,7.50x5.00x7.50,T2,IND,L,7000,6000,0,steel_plate:30; construction_component:20; motor:2; display:10; computer:100; glass_panel:60,12000,6000,2400,720,3,12,Trim sheets + one 2K unique atlas,512,back bottom left right,front back left right top bottom,SOCKET_Seat_Center_01 SOCKET_Seat_Center_02 SOCKET_Lcd_Front_01 SOCKET_Lcd_Front_02 SOCKET_Lcd_Front_03 SOCKET_Lcd_Front_04 SOCKET_Interact_Center_01 SOCKET_Light_Top_01,,Instrument panels | Cabin light,M,assets/parts/control/SM_CTL_IndustrialCockpit_LG.blend,export/parts/control/SM_CTL_IndustrialCockpit_LG.fbx,Not started,,Interior is fully modeled (first-person). Glass uses the cockpit glass material with dirt and condensation.
SM_CTL_IndustrialCockpit_SG,CTL-002,block.control.industrial_cockpit,Industrial Cockpit,,CTL,Seats & Cockpits,SG,3×3×4,1.50x1.50x2.00,T2,IND,L,800,800,0,steel_plate:4; construction_component:3; motor:1; display:2; computer:15; glass_panel:9,5000,2500,1000,300,3,12,Trim sheets + one 2K unique atlas,1024,back bottom left right,front back left right top bottom,SOCKET_Seat_Center_01 SOCKET_Seat_Center_02 SOCKET_Lcd_Front_01 SOCKET_Lcd_Front_02 SOCKET_Lcd_Front_03 SOCKET_Lcd_Front_04 SOCKET_Interact_Center_01 SOCKET_Light_Top_01,,Instrument panels | Cabin light,S,assets/parts/control/SM_CTL_IndustrialCockpit_SG.blend,export/parts/control/SM_CTL_IndustrialCockpit_SG.fbx,Not started,,Interior is fully modeled (first-person). Glass uses the cockpit glass material with dirt and condensation.
SM_CTL_FighterCockpit_SG,CTL-003,block.control.fighter_cockpit,Fighter Cockpit,,CTL,Seats & Cockpits,SG,3×3×5,1.50x1.50x2.50,T2,IND,L,900,900,0,steel_plate:20; construction_component:20; motor:1; display:4; computer:20; glass_panel:20,5000,2500,1000,300,3,12,Trim sheets + one 2K unique atlas,1024,back bottom,front back left right top bottom,SOCKET_Seat_Center_01 SOCKET_Lcd_Front_01 SOCKET_Lcd_Front_02 SOCKET_Lcd_Front_03 SOCKET_Interact_Center_01,Canopy: hinges back 70°,HUD glass projection | Instrument panels,S,assets/parts/control/SM_CTL_FighterCockpit_SG.blend,export/parts/control/SM_CTL_FighterCockpit_SG.fbx,Not started,,HUD projection plane on the canopy (lcd socket).
SM_CTL_CapsuleCockpit_LG,CTL-004,block.control.capsule_cockpit,Capsule Cockpit,,CTL,Seats & Cockpits,LG,3×2×3,7.50x5.00x7.50,T1,IND,XL,6500,5000,0,steel_plate:40; heat_shield_tile:30; interior_plate:20; display:8; computer:40; glass_panel:6,40000,20000,8000,2400,4,24,4K unique texture set + trim sheets,512,bottom top,front back left right top bottom,SOCKET_Seat_Center_01 SOCKET_Seat_Center_02 SOCKET_Seat_Center_03 SOCKET_Seat_Center_04 SOCKET_Seat_Center_05 SOCKET_Seat_Center_06 SOCKET_Lcd_Front_01 SOCKET_Lcd_Front_02 SOCKET_Lcd_Front_03 SOCKET_Interact_Center_01 SOCKET_Light_Top_01,,Instrument panels | Warning lights,M,assets/parts/control/SM_CTL_CapsuleCockpit_LG.blend,export/parts/control/SM_CTL_CapsuleCockpit_LG.fbx,Not started,,Hero asset. The six seats face up (launch posture). Hand-painted Kestrel mission patch and crew-signature decals.
SM_CTL_PassengerSeat_LG,CTL-005,block.control.passenger_seat,Passenger Seat,,CTL,Seats & Cockpits,LG,1×1×1,2.50x2.50x2.50,T1,IND,S,150,300,0,interior_plate:10; construction_component:6; fabric:4,800,400,160,48,2,2,Shared trim sheet only (no unique maps),512,bottom back,,SOCKET_Seat_Center_01,,,S,assets/parts/control/SM_CTL_PassengerSeat_LG.blend,export/parts/control/SM_CTL_PassengerSeat_LG.fbx,Not started,,5-point harness; padded shell.
SM_CTL_PassengerSeat_SG,CTL-005,block.control.passenger_seat,Passenger Seat,,CTL,Seats & Cockpits,SG,1×2×2,0.50x1.00x1.00,T1,IND,S,30,60,0,interior_plate:2; construction_component:1; fabric:1,300,150,60,18,2,2,Shared trim sheet only (no unique maps),1024,bottom back,,SOCKET_Seat_Center_01,,,S,assets/parts/control/SM_CTL_PassengerSeat_SG.blend,export/parts/control/SM_CTL_PassengerSeat_SG.fbx,Not started,,5-point harness; padded shell.
SM_CTL_BridgeConsole_LG,CTL-006,block.control.bridge_console,Bridge Console,,CTL,Consoles,LG,2×1×1,5.00x2.50x2.50,T3,IND,L,900,1200,-2,interior_plate:20; computer:60; display:12; construction_component:10,12000,6000,2400,720,3,12,Trim sheets + one 2K unique atlas,512,bottom,,SOCKET_Seat_Center_01 SOCKET_Lcd_Front_01 SOCKET_Lcd_Front_02 SOCKET_Lcd_Front_03 SOCKET_Interact_Center_01 SOCKET_Projector_Top_01,,Three curved screens | Button backlights,M,assets/parts/control/SM_CTL_BridgeConsole_LG.blend,export/parts/control/SM_CTL_BridgeConsole_LG.fbx,Not started,,Curved desk with a holo emitter on top.
SM_CTL_HoloMapTable_LG,CTL-007,block.control.holo_map_table,Holo Map Table,,CTL,Consoles,LG,2×1×2,5.00x2.50x5.00,T3,IND,L,1200,1000,-4,interior_plate:20; computer:40; display:4; detector_component:4,12000,6000,2400,720,3,12,Trim sheets + one 2K unique atlas,512,bottom,,SOCKET_Projector_Top_01 SOCKET_Work_Front_01 SOCKET_Work_Front_02 SOCKET_Work_Front_03 SOCKET_Work_Front_04 SOCKET_Interact_Front_01,,Table edge lights | Hologram (VFX),M,assets/parts/control/SM_CTL_HoloMapTable_LG.blend,export/parts/control/SM_CTL_HoloMapTable_LG.fbx,Not started,,Round table; the hologram volume is 3 m tall above it.
SM_CTL_GuidanceComputer_LG,CTL-008,block.control.guidance_computer,Guidance Computer,,CTL,Automation,LG,1×1×1,2.50x2.50x2.50,T1,IND,M,200,400,-1,interior_plate:4; computer:20; display:2; radio_component:2,4000,2000,800,240,3,6,Trim sheets + one 1K unique atlas,512,front back left right top bottom,front back left right top bottom,SOCKET_Interact_Front_01 SOCKET_Lcd_Front_01,,Status display,S,assets/parts/control/SM_CTL_GuidanceComputer_LG.blend,export/parts/control/SM_CTL_GuidanceComputer_LG.fbx,Not started,,Rack-mounted flight computer with a small screen and blinking status LEDs.
SM_CTL_GuidanceComputer_SG,CTL-008,block.control.guidance_computer,Guidance Computer,,CTL,Automation,SG,1×1×1,0.50x0.50x0.50,T1,IND,M,20,60,-0.1,interior_plate:1; computer:3; display:1; radio_component:1,1500,750,300,90,3,6,Trim sheets + one 1K unique atlas,1024,front back left right top bottom,front back left right top bottom,SOCKET_Interact_Front_01 SOCKET_Lcd_Front_01,,Status display,XS,assets/parts/control/SM_CTL_GuidanceComputer_SG.blend,export/parts/control/SM_CTL_GuidanceComputer_SG.fbx,Not started,,Rack-mounted flight computer with a small screen and blinking status LEDs.
SM_CTL_RemoteControl_LG,CTL-009,block.control.remote_control,Remote Control,,CTL,Automation,LG,1×1×1,2.50x2.50x2.50,T2,IND,S,150,300,-0.1,interior_plate:10; construction_component:10; motor:1; computer:15,800,400,160,48,2,2,Shared trim sheet only (no unique maps),512,front back left right top bottom,front back left right top bottom,SOCKET_Interact_Front_01,,Antenna LED,S,assets/parts/control/SM_CTL_RemoteControl_LG.blend,export/parts/control/SM_CTL_RemoteControl_LG.fbx,Not started,,Small box with an antenna stub.
SM_CTL_RemoteControl_SG,CTL-009,block.control.remote_control,Remote Control,,CTL,Automation,SG,1×1×1,0.50x0.50x0.50,T2,IND,S,10,40,-0.01,interior_plate:2; construction_component:2; motor:1; computer:2,300,150,60,18,2,2,Shared trim sheet only (no unique maps),1024,front back left right top bottom,front back left right top bottom,SOCKET_Interact_Front_01,,Antenna LED,XS,assets/parts/control/SM_CTL_RemoteControl_SG.blend,export/parts/control/SM_CTL_RemoteControl_SG.fbx,Not started,,Small box with an antenna stub.
SM_CTL_ControlTerminal_LG,CTL-010,block.control.control_terminal,Control Terminal,,CTL,Automation,LG,1×1×1,2.50x2.50x2.50,T1,IND,S,60,200,-0.2,interior_plate:4; computer:4; display:2,800,400,160,48,2,2,Shared trim sheet only (no unique maps),512,back,,SOCKET_Interact_Front_01 SOCKET_Lcd_Front_01,,Screen,S,assets/parts/control/SM_CTL_ControlTerminal_LG.blend,export/parts/control/SM_CTL_ControlTerminal_LG.fbx,Not started,,Angled wall screen with a keyboard shelf.
SM_CTL_ControlTerminal_SG,CTL-010,block.control.control_terminal,Control Terminal,,CTL,Automation,SG,1×1×1,0.50x0.50x0.50,T1,IND,S,5.0,30,-0.02,interior_plate:1; computer:1; display:1,300,150,60,18,2,2,Shared trim sheet only (no unique maps),1024,back,,SOCKET_Interact_Front_01 SOCKET_Lcd_Front_01,,Screen,XS,assets/parts/control/SM_CTL_ControlTerminal_SG.blend,export/parts/control/SM_CTL_ControlTerminal_SG.fbx,Not started,,Angled wall screen with a keyboard shelf.
SM_CTL_ButtonPanel_LG,CTL-011,block.control.button_panel,Button Panel,,CTL,Automation,LG,1×1×1,2.50x2.50x2.50,T1,IND,S,40,150,0,interior_plate:2; construction_component:2; computer:1,800,400,160,48,2,2,Shared trim sheet only (no unique maps),512,back,,SOCKET_Interact_Front_01 SOCKET_Lcd_Front_01,Buttons ×4: press 5 mm,Button backlights ×4,S,assets/parts/control/SM_CTL_ButtonPanel_LG.blend,export/parts/control/SM_CTL_ButtonPanel_LG.fbx,Not started,,Label strips are dynamic text surfaces.
SM_CTL_ButtonPanel_SG,CTL-011,block.control.button_panel,Button Panel,,CTL,Automation,SG,1×1×1,0.50x0.50x0.50,T1,IND,S,3.0,20,0,interior_plate:1; construction_component:1; computer:1,300,150,60,18,2,2,Shared trim sheet only (no unique maps),1024,back,,SOCKET_Interact_Front_01 SOCKET_Lcd_Front_01,Buttons ×4: press 5 mm,Button backlights ×4,XS,assets/parts/control/SM_CTL_ButtonPanel_SG.blend,export/parts/control/SM_CTL_ButtonPanel_SG.fbx,Not started,,Label strips are dynamic text surfaces.
SM_CTL_TimerBlock_LG,CTL-012,block.control.timer_block,Timer Block,,CTL,Automation,LG,1×1×1,2.50x2.50x2.50,T2,IND,S,300,400,-0.1,interior_plate:6; construction_component:30; computer:5,800,400,160,48,2,2,Shared trim sheet only (no unique maps),512,front back left right top bottom,front back left right top bottom,SOCKET_Interact_Front_01,,Countdown digits,S,assets/parts/control/SM_CTL_TimerBlock_LG.blend,export/parts/control/SM_CTL_TimerBlock_LG.fbx,Not started,,Shares the logic-block shell with Event Controller and Sensor.
SM_CTL_TimerBlock_SG,CTL-012,block.control.timer_block,Timer Block,,CTL,Automation,SG,1×1×1,0.50x0.50x0.50,T2,IND,S,15,50,-0.01,interior_plate:1; construction_component:4; computer:1,300,150,60,18,2,2,Shared trim sheet only (no unique maps),1024,front back left right top bottom,front back left right top bottom,SOCKET_Interact_Front_01,,Countdown digits,XS,assets/parts/control/SM_CTL_TimerBlock_SG.blend,export/parts/control/SM_CTL_TimerBlock_SG.fbx,Not started,,Shares the logic-block shell with Event Controller and Sensor.
SM_CTL_EventController_LG,CTL-013,block.control.event_controller,Event Controller,,CTL,Automation,LG,1×1×1,2.50x2.50x2.50,T2,IND,S,300,400,-0.1,interior_plate:6; construction_component:30; computer:10,800,400,160,48,2,2,Shared trim sheet only (no unique maps),512,front back left right top bottom,front back left right top bottom,SOCKET_Interact_Front_01,,Condition LEDs,S,assets/parts/control/SM_CTL_EventController_LG.blend,export/parts/control/SM_CTL_EventController_LG.fbx,Not started,,"Logic-block shell, green trim."
SM_CTL_EventController_SG,CTL-013,block.control.event_controller,Event Controller,,CTL,Automation,SG,1×1×1,0.50x0.50x0.50,T2,IND,S,15,50,-0.01,interior_plate:1; construction_component:4; computer:2,300,150,60,18,2,2,Shared trim sheet only (no unique maps),1024,front back left right top bottom,front back left right top bottom,SOCKET_Interact_Front_01,,Condition LEDs,XS,assets/parts/control/SM_CTL_EventController_SG.blend,export/parts/control/SM_CTL_EventController_SG.fbx,Not started,,"Logic-block shell, green trim."
SM_CTL_Sensor_LG,CTL-014,block.control.sensor,Sensor,,CTL,Automation,LG,1×1×1,2.50x2.50x2.50,T2,IND,S,300,400,-0.5,interior_plate:6; construction_component:8; computer:6; radio_component:6; detector_component:6,800,400,160,48,2,2,Shared trim sheet only (no unique maps),512,back,,SOCKET_Camera_Front_01,,Detection LED,S,assets/parts/control/SM_CTL_Sensor_LG.blend,export/parts/control/SM_CTL_Sensor_LG.fbx,Not started,,Dome sensor on a short stalk.
SM_CTL_Sensor_SG,CTL-014,block.control.sensor,Sensor,,CTL,Automation,SG,1×1×1,0.50x0.50x0.50,T2,IND,S,15,50,-0.05,interior_plate:1; construction_component:1; computer:1; radio_component:1; detector_component:1,300,150,60,18,2,2,Shared trim sheet only (no unique maps),1024,back,,SOCKET_Camera_Front_01,,Detection LED,XS,assets/parts/control/SM_CTL_Sensor_SG.blend,export/parts/control/SM_CTL_Sensor_SG.fbx,Not started,,Dome sensor on a short stalk.
SM_CTL_ProgrammableBlock_LG,CTL-015,block.control.programmable_block,Programmable Block,,CTL,Automation,LG,1×1×1,2.50x2.50x2.50,T3,IND,S,400,500,-0.5,interior_plate:20; construction_component:30; large_tube:2; motor:2; display:1; computer:2,800,400,160,48,2,2,Shared trim sheet only (no unique maps),512,front back left right top bottom,front back left right top bottom,SOCKET_Interact_Front_01 SOCKET_Lcd_Front_01,,Code-scroll screen,S,assets/parts/control/SM_CTL_ProgrammableBlock_LG.blend,export/parts/control/SM_CTL_ProgrammableBlock_LG.fbx,Not started,,"Logic-block shell, blue trim, small screen."
SM_CTL_ProgrammableBlock_SG,CTL-015,block.control.programmable_block,Programmable Block,,CTL,Automation,SG,1×1×1,0.50x0.50x0.50,T3,IND,S,20,60,-0.05,interior_plate:3; construction_component:4; large_tube:1; motor:1; display:1; computer:1,300,150,60,18,2,2,Shared trim sheet only (no unique maps),1024,front back left right top bottom,front back left right top bottom,SOCKET_Interact_Front_01 SOCKET_Lcd_Front_01,,Code-scroll screen,XS,assets/parts/control/SM_CTL_ProgrammableBlock_SG.blend,export/parts/control/SM_CTL_ProgrammableBlock_SG.fbx,Not started,,"Logic-block shell, blue trim, small screen."
SM_CTL_LCDPanel_1x1_LG,CTL-016,block.control.lcd_panel,LCD Panel,1×1,CTL,Displays,LG,1×1×1,2.50x2.50x2.50,T1,IND,S,60,150,-0.1,interior_plate:1; construction_component:6; display:10,800,400,160,48,2,2,Shared trim sheet only (no unique maps),512,back,,SOCKET_Lcd_Front_01,,Screen,S,assets/parts/control/SM_CTL_LCDPanel_1x1_LG.blend,export/parts/control/SM_CTL_LCDPanel_1x1_LG.fbx,Not started,,Screen UVs 0–1 with a 16:9 or 1:1 aspect per variant.
SM_CTL_LCDPanel_1x1_SG,CTL-016,block.control.lcd_panel,LCD Panel,1×1,CTL,Displays,SG,1×1×1,0.50x0.50x0.50,T1,IND,S,4.0,20,-0.01,interior_plate:1; construction_component:1; display:2,300,150,60,18,2,2,Shared trim sheet only (no unique maps),1024,back,,SOCKET_Lcd_Front_01,,Screen,XS,assets/parts/control/SM_CTL_LCDPanel_1x1_SG.blend,export/parts/control/SM_CTL_LCDPanel_1x1_SG.fbx,Not started,,Screen UVs 0–1 with a 16:9 or 1:1 aspect per variant.
SM_CTL_LCDPanel_Wide2x1_LG,CTL-016,block.control.lcd_panel,LCD Panel,Wide 2×1,CTL,Displays,LG,2×1×1,5.00x2.50x2.50,T1,IND,S,120,300,-0.1,interior_plate:2; construction_component:12; display:20,800,400,160,48,2,2,Shared trim sheet only (no unique maps),512,back,,SOCKET_Lcd_Front_01,,Screen,M,assets/parts/control/SM_CTL_LCDPanel_Wide2x1_LG.blend,export/parts/control/SM_CTL_LCDPanel_Wide2x1_LG.fbx,Not started,,Screen UVs 0–1 with a 16:9 or 1:1 aspect per variant.
SM_CTL_LCDPanel_Wide2x1_SG,CTL-016,block.control.lcd_panel,LCD Panel,Wide 2×1,CTL,Displays,SG,2×1×1,1.00x0.50x0.50,T1,IND,S,8,40,-0.01,interior_plate:2; construction_component:2; display:4,300,150,60,18,2,2,Shared trim sheet only (no unique maps),1024,back,,SOCKET_Lcd_Front_01,,Screen,S,assets/parts/control/SM_CTL_LCDPanel_Wide2x1_SG.blend,export/parts/control/SM_CTL_LCDPanel_Wide2x1_SG.fbx,Not started,,Screen UVs 0–1 with a 16:9 or 1:1 aspect per variant.
SM_CTL_LCDPanel_Corner_LG,CTL-016,block.control.lcd_panel,LCD Panel,Corner,CTL,Displays,LG,1×1×1,2.50x2.50x2.50,T1,IND,S,60,150,-0.1,interior_plate:1; construction_component:6; display:10,800,400,160,48,2,2,Shared trim sheet only (no unique maps),512,back,,SOCKET_Lcd_Front_01,,Screen,S,assets/parts/control/SM_CTL_LCDPanel_Corner_LG.blend,export/parts/control/SM_CTL_LCDPanel_Corner_LG.fbx,Not started,,Screen UVs 0–1 with a 16:9 or 1:1 aspect per variant.
SM_CTL_LCDPanel_Corner_SG,CTL-016,block.control.lcd_panel,LCD Panel,Corner,CTL,Displays,SG,1×1×1,0.50x0.50x0.50,T1,IND,S,4.0,20,-0.01,interior_plate:1; construction_component:1; display:2,300,150,60,18,2,2,Shared trim sheet only (no unique maps),1024,back,,SOCKET_Lcd_Front_01,,Screen,XS,assets/parts/control/SM_CTL_LCDPanel_Corner_SG.blend,export/parts/control/SM_CTL_LCDPanel_Corner_SG.fbx,Not started,,Screen UVs 0–1 with a 16:9 or 1:1 aspect per variant.
SM_CTL_SoundBlock_LG,CTL-017,block.control.sound_block,Sound Block,,CTL,Displays,LG,1×1×1,2.50x2.50x2.50,T1,IND,S,80,200,-0.1,interior_plate:4; construction_component:6; computer:3,800,400,160,48,2,2,Shared trim sheet only (no unique maps),512,back,,SOCKET_Audio_Front_01,,Activity LED,S,assets/parts/control/SM_CTL_SoundBlock_LG.blend,export/parts/control/SM_CTL_SoundBlock_LG.fbx,Not started,,Horn speaker on a bracket.
SM_CTL_SoundBlock_SG,CTL-017,block.control.sound_block,Sound Block,,CTL,Displays,SG,1×1×1,0.50x0.50x0.50,T1,IND,S,5.0,30,-0.01,interior_plate:1; construction_component:1; computer:1,300,150,60,18,2,2,Shared trim sheet only (no unique maps),1024,back,,SOCKET_Audio_Front_01,,Activity LED,XS,assets/parts/control/SM_CTL_SoundBlock_SG.blend,export/parts/control/SM_CTL_SoundBlock_SG.fbx,Not started,,Horn speaker on a bracket.
SM_COL_Campfire_StoneRing_LG,COL-001,block.colony.campfire,Campfire,Stone Ring,COL,Survival Comforts,LG,1×1×1,2.50x2.50x2.50,T0,SCR,S,80,150,0,salvaged_wood:6; scrap_metal:2,800,400,160,48,2,2,Shared trim sheet only (no unique maps),512,bottom,,SOCKET_Work_Front_01 SOCKET_Seat_Front_01 SOCKET_Seat_Front_02 SOCKET_Seat_Front_03 SOCKET_Seat_Front_04 SOCKET_VfxFire_Center_01 SOCKET_Light_Center_01,,Embers,S,assets/parts/colony/SM_COL_Campfire_StoneRing_LG.blend,export/parts/colony/SM_COL_Campfire_StoneRing_LG.fbx,Not started,,Stone ring or cut oil-drum variant. Seat slots are logs/crates around it at 1.2 m radius.
SM_COL_Campfire_OilDrum_LG,COL-001,block.colony.campfire,Campfire,Oil Drum,COL,Survival Comforts,LG,1×1×1,2.50x2.50x2.50,T0,SCR,S,80,150,0,salvaged_wood:6; scrap_metal:2,800,400,160,48,2,2,Shared trim sheet only (no unique maps),512,bottom,,SOCKET_Work_Front_01 SOCKET_Seat_Front_01 SOCKET_Seat_Front_02 SOCKET_Seat_Front_03 SOCKET_Seat_Front_04 SOCKET_VfxFire_Center_01 SOCKET_Light_Center_01,,Embers,S,assets/parts/colony/SM_COL_Campfire_OilDrum_LG.blend,export/parts/colony/SM_COL_Campfire_OilDrum_LG.fbx,Not started,,Stone ring or cut oil-drum variant. Seat slots are logs/crates around it at 1.2 m radius.
SM_COL_RadioSet_LG,COL-002,block.colony.radio_set,Radio Set,,COL,Survival Comforts,LG,1×1×1,2.50x2.50x2.50,T0,SCR,S,15,60,0,scrap_metal:2; wiring_bundle:2; radio_component:1,800,400,160,48,2,2,Shared trim sheet only (no unique maps),512,bottom,,SOCKET_Interact_Front_01 SOCKET_Audio_Center_01,,Dial glow,S,assets/parts/colony/SM_COL_RadioSet_LG.blend,export/parts/colony/SM_COL_RadioSet_LG.fbx,Not started,,Tabletop prop on a crate. Dial needle animates with the station (PART_Needle).
SM_COL_Bedroll_LG,COL-003,block.colony.bedroll,Bedroll,,COL,Beds,LG,1×1×1,2.50x2.50x2.50,T0,SCR,S,5.0,30,0,fabric:6,800,400,160,48,2,2,Shared trim sheet only (no unique maps),512,bottom,,SOCKET_Bed_Center_01,,,S,assets/parts/colony/SM_COL_Bedroll_LG.blend,export/parts/colony/SM_COL_Bedroll_LG.fbx,Not started,,Rumpled sleeping bag with a rolled-jacket pillow. Three rumple variations (shape keys).
SM_COL_SingleBed_LG,COL-004,block.colony.single_bed,Single Bed,,COL,Beds,LG,1×1×1,2.50x2.50x2.50,T1,DOM,S,60,120,0,interior_plate:4; fabric:8,800,400,160,48,2,2,Shared trim sheet only (no unique maps),512,bottom,,SOCKET_Bed_Center_01 SOCKET_Interact_Left_01,,,S,assets/parts/colony/SM_COL_SingleBed_LG.blend,export/parts/colony/SM_COL_SingleBed_LG.fbx,Not started,,"Furniture sits on the bottom face. Human scale: seat height 0.45 m, table height 0.75 m, counter 0.9 m. Blanket color from the owner's palette (material parameter)."
SM_COL_DoubleBed_LG,COL-005,block.colony.double_bed,Double Bed,,COL,Beds,LG,1×1×1,2.50x2.50x2.50,T1,DOM,S,90,150,0,interior_plate:6; fabric:14,800,400,160,48,2,2,Shared trim sheet only (no unique maps),512,bottom,,SOCKET_Bed_Center_01 SOCKET_Bed_Center_02 SOCKET_Interact_Left_01,,,S,assets/parts/colony/SM_COL_DoubleBed_LG.blend,export/parts/colony/SM_COL_DoubleBed_LG.fbx,Not started,,"Furniture sits on the bottom face. Human scale: seat height 0.45 m, table height 0.75 m, counter 0.9 m."
SM_COL_BunkBed_LG,COL-006,block.colony.bunk_bed,Bunk Bed,,COL,Beds,LG,1×1×1,2.50x2.50x2.50,T1,DOM,S,110,180,0,interior_plate:6; small_tube:4; fabric:12,800,400,160,48,2,2,Shared trim sheet only (no unique maps),512,bottom,,SOCKET_Bed_Center_01 SOCKET_Bed_Center_02 SOCKET_Interact_Left_01,,,S,assets/parts/colony/SM_COL_BunkBed_LG.blend,export/parts/colony/SM_COL_BunkBed_LG.fbx,Not started,,"Furniture sits on the bottom face. Human scale: seat height 0.45 m, table height 0.75 m, counter 0.9 m. Ladder on one end."
SM_COL_DiningTable_LG,COL-007,block.colony.dining_table,Dining Table,,COL,Dining,LG,1×1×1,2.50x2.50x2.50,T1,DOM,S,40,100,0,interior_plate:4; small_tube:2,800,400,160,48,2,2,Shared trim sheet only (no unique maps),512,bottom,,SOCKET_Work_Front_01 SOCKET_Seat_Center_01 SOCKET_Seat_Center_02 SOCKET_Seat_Center_03 SOCKET_Seat_Center_04,,,S,assets/parts/colony/SM_COL_DiningTable_LG.blend,export/parts/colony/SM_COL_DiningTable_LG.fbx,Not started,,"Furniture sits on the bottom face. Human scale: seat height 0.45 m, table height 0.75 m, counter 0.9 m."
SM_COL_LongDiningTable_LG,COL-008,block.colony.long_dining_table,Long Dining Table,,COL,Dining,LG,3×1×1,7.50x2.50x2.50,T1,DOM,M,120,300,0,interior_plate:12; small_tube:6,4000,2000,800,240,3,6,Trim sheets + one 1K unique atlas,512,bottom,,SOCKET_Seat_Center_01 SOCKET_Seat_Center_02 SOCKET_Seat_Center_03 SOCKET_Seat_Center_04 SOCKET_Seat_Center_05 SOCKET_Seat_Center_06 SOCKET_Seat_Center_07 SOCKET_Seat_Center_08 SOCKET_Work_Front_01,,,M,assets/parts/colony/SM_COL_LongDiningTable_LG.blend,export/parts/colony/SM_COL_LongDiningTable_LG.fbx,Not started,,"Furniture sits on the bottom face. Human scale: seat height 0.45 m, table height 0.75 m, counter 0.9 m. Story furniture: the table where the game ends. Place-setting props (plates, a chipped pot of jollof) are a separate set-dressing kit."
SM_COL_Chair_Dining_LG,COL-009,block.colony.chair,Chair,Dining,COL,Seating,LG,1×1×1,2.50x2.50x2.50,T1,DOM,S,8.0,40,0,interior_plate:2,800,400,160,48,2,2,Shared trim sheet only (no unique maps),512,bottom,,SOCKET_Seat_Center_01,,,S,assets/parts/colony/SM_COL_Chair_Dining_LG.blend,export/parts/colony/SM_COL_Chair_Dining_LG.fbx,Not started,,"Furniture sits on the bottom face. Human scale: seat height 0.45 m, table height 0.75 m, counter 0.9 m."
SM_COL_Chair_Office_LG,COL-009,block.colony.chair,Chair,Office,COL,Seating,LG,1×1×1,2.50x2.50x2.50,T1,DOM,S,8.0,40,0,interior_plate:2,800,400,160,48,2,2,Shared trim sheet only (no unique maps),512,bottom,,SOCKET_Seat_Center_01,,,S,assets/parts/colony/SM_COL_Chair_Office_LG.blend,export/parts/colony/SM_COL_Chair_Office_LG.fbx,Not started,,"Furniture sits on the bottom face. Human scale: seat height 0.45 m, table height 0.75 m, counter 0.9 m."
SM_COL_Chair_Stool_LG,COL-009,block.colony.chair,Chair,Stool,COL,Seating,LG,1×1×1,2.50x2.50x2.50,T1,DOM,S,8.0,40,0,interior_plate:2,800,400,160,48,2,2,Shared trim sheet only (no unique maps),512,bottom,,SOCKET_Seat_Center_01,,,S,assets/parts/colony/SM_COL_Chair_Stool_LG.blend,export/parts/colony/SM_COL_Chair_Stool_LG.fbx,Not started,,"Furniture sits on the bottom face. Human scale: seat height 0.45 m, table height 0.75 m, counter 0.9 m."
SM_COL_Bench_LG,COL-010,block.colony.bench,Bench,,COL,Seating,LG,1×1×1,2.50x2.50x2.50,T1,DOM,S,20,60,0,interior_plate:3,800,400,160,48,2,2,Shared trim sheet only (no unique maps),512,bottom,,SOCKET_Seat_Center_01 SOCKET_Seat_Center_02,,,S,assets/parts/colony/SM_COL_Bench_LG.blend,export/parts/colony/SM_COL_Bench_LG.fbx,Not started,,"Furniture sits on the bottom face. Human scale: seat height 0.45 m, table height 0.75 m, counter 0.9 m."
SM_COL_Couch_LG,COL-011,block.colony.couch,Couch,,COL,Seating,LG,2×1×1,5.00x2.50x2.50,T1,DOM,S,60,120,0,interior_plate:4; fabric:12,800,400,160,48,2,2,Shared trim sheet only (no unique maps),512,bottom,,SOCKET_Seat_Center_01 SOCKET_Seat_Center_02 SOCKET_Seat_Center_03 SOCKET_Bed_Center_01,,,M,assets/parts/colony/SM_COL_Couch_LG.blend,export/parts/colony/SM_COL_Couch_LG.fbx,Not started,,"Furniture sits on the bottom face. Human scale: seat height 0.45 m, table height 0.75 m, counter 0.9 m."
SM_COL_Armchair_LG,COL-012,block.colony.armchair,Armchair,,COL,Seating,LG,1×1×1,2.50x2.50x2.50,T1,DOM,S,30,80,0,interior_plate:2; fabric:6,800,400,160,48,2,2,Shared trim sheet only (no unique maps),512,bottom,,SOCKET_Seat_Center_01,,,S,assets/parts/colony/SM_COL_Armchair_LG.blend,export/parts/colony/SM_COL_Armchair_LG.fbx,Not started,,"Furniture sits on the bottom face. Human scale: seat height 0.45 m, table height 0.75 m, counter 0.9 m."
SM_COL_KitchenStation_LG,COL-013,block.colony.kitchen_station,Kitchen Station,,COL,Kitchen,LG,2×1×1,5.00x2.50x2.50,T1,DOM,M,300,500,-30,steel_plate:6; interior_plate:10; motor:1; large_tube:2,4000,2000,800,240,3,6,Trim sheets + one 1K unique atlas,512,bottom,,SOCKET_Work_Front_01 SOCKET_Work_Front_02 SOCKET_Water_Back_01 SOCKET_VfxSmoke_Top_01 SOCKET_Interact_Front_01,,Burner rings (orange),M,assets/parts/colony/SM_COL_KitchenStation_LG.blend,export/parts/colony/SM_COL_KitchenStation_LG.fbx,Not started,,"Furniture sits on the bottom face. Human scale: seat height 0.45 m, table height 0.75 m, counter 0.9 m. Utensils on a rail; the pot on the stove is a swappable prop."
SM_COL_ColdStorage_LG,COL-014,block.colony.cold_storage,Cold Storage,,COL,Kitchen,LG,1×1×1,2.50x2.50x2.50,T1,DOM,S,120,250,-5,interior_plate:8; motor:1,800,400,160,48,2,2,Shared trim sheet only (no unique maps),512,bottom,,SOCKET_Interact_Front_01,Door: hinge 110°,Interior light (on open),S,assets/parts/colony/SM_COL_ColdStorage_LG.blend,export/parts/colony/SM_COL_ColdStorage_LG.fbx,Not started,,"Furniture sits on the bottom face. Human scale: seat height 0.45 m, table height 0.75 m, counter 0.9 m. Fridge magnets and drawings on the door (Lily's)."
SM_COL_BarCounter_LG,COL-015,block.colony.bar_counter,Bar Counter,,COL,Dining,LG,2×1×1,5.00x2.50x2.50,T2,DOM,S,150,300,0,interior_plate:10,800,400,160,48,2,2,Shared trim sheet only (no unique maps),512,bottom,,SOCKET_Seat_Front_01 SOCKET_Seat_Front_02 SOCKET_Seat_Front_03 SOCKET_Work_Back_01,,,M,assets/parts/colony/SM_COL_BarCounter_LG.blend,export/parts/colony/SM_COL_BarCounter_LG.fbx,Not started,,"Furniture sits on the bottom face. Human scale: seat height 0.45 m, table height 0.75 m, counter 0.9 m."
SM_COL_Sink_LG,COL-016,block.colony.sink,Sink,,COL,Hygiene,LG,1×1×1,2.50x2.50x2.50,T1,DOM,S,30,80,0,interior_plate:2; small_tube:2,800,400,160,48,2,2,Shared trim sheet only (no unique maps),512,bottom back,,SOCKET_Work_Front_01 SOCKET_Water_Back_01,,,S,assets/parts/colony/SM_COL_Sink_LG.blend,export/parts/colony/SM_COL_Sink_LG.fbx,Not started,,"Furniture sits on the bottom face. Human scale: seat height 0.45 m, table height 0.75 m, counter 0.9 m. Mirror above (planar reflection optional)."
SM_COL_Toilet_Gravity_LG,COL-017,block.colony.toilet,Toilet,Gravity,COL,Hygiene,LG,1×1×1,2.50x2.50x2.50,T1,DOM,S,40,80,0,interior_plate:2; small_tube:2,800,400,160,48,2,2,Shared trim sheet only (no unique maps),512,bottom back,,SOCKET_Seat_Center_01 SOCKET_Water_Back_01,,,S,assets/parts/colony/SM_COL_Toilet_Gravity_LG.blend,export/parts/colony/SM_COL_Toilet_Gravity_LG.fbx,Not started,,"Furniture sits on the bottom face. Human scale: seat height 0.45 m, table height 0.75 m, counter 0.9 m. Two variants for gravity and zero-G."
SM_COL_Toilet_ZeroG_LG,COL-017,block.colony.toilet,Toilet,Zero-G,COL,Hygiene,LG,1×1×1,2.50x2.50x2.50,T1,DOM,S,40,80,0,interior_plate:2; small_tube:2,800,400,160,48,2,2,Shared trim sheet only (no unique maps),512,bottom back,,SOCKET_Seat_Center_01 SOCKET_Water_Back_01,,,S,assets/parts/colony/SM_COL_Toilet_ZeroG_LG.blend,export/parts/colony/SM_COL_Toilet_ZeroG_LG.fbx,Not started,,"Furniture sits on the bottom face. Human scale: seat height 0.45 m, table height 0.75 m, counter 0.9 m. Two variants for gravity and zero-G."
SM_COL_Shower_LG,COL-018,block.colony.shower,Shower,,COL,Hygiene,LG,1×1×1,2.50x2.50x2.50,T1,DOM,S,80,150,-10,interior_plate:6; glass_panel:4; small_tube:2,800,400,160,48,2,2,Shared trim sheet only (no unique maps),512,bottom back,,SOCKET_Work_Center_01 SOCKET_Water_Back_01,Door: slide 0.7 m,,S,assets/parts/colony/SM_COL_Shower_LG.blend,export/parts/colony/SM_COL_Shower_LG.fbx,Not started,,"Furniture sits on the bottom face. Human scale: seat height 0.45 m, table height 0.75 m, counter 0.9 m."
SM_COL_LaundryStation_LG,COL-019,block.colony.laundry_station,Laundry Station,,COL,Hygiene,LG,1×1×1,2.50x2.50x2.50,T2,DOM,S,90,150,-3,interior_plate:6; motor:1,800,400,160,48,2,2,Shared trim sheet only (no unique maps),512,bottom,,SOCKET_Work_Front_01 SOCKET_Water_Back_01,Drum spins,,S,assets/parts/colony/SM_COL_LaundryStation_LG.blend,export/parts/colony/SM_COL_LaundryStation_LG.fbx,Not started,,"Furniture sits on the bottom face. Human scale: seat height 0.45 m, table height 0.75 m, counter 0.9 m."
SM_COL_Wardrobe_Wardrobe_LG,COL-020,block.colony.wardrobe,Wardrobe,Wardrobe,COL,Storage,LG,1×1×1,2.50x2.50x2.50,T1,DOM,S,60,120,0,interior_plate:6,800,400,160,48,2,2,Shared trim sheet only (no unique maps),512,bottom back,,SOCKET_Interact_Front_01,Doors ×2: hinge 100°,,S,assets/parts/colony/SM_COL_Wardrobe_Wardrobe_LG.blend,export/parts/colony/SM_COL_Wardrobe_Wardrobe_LG.fbx,Not started,,"Furniture sits on the bottom face. Human scale: seat height 0.45 m, table height 0.75 m, counter 0.9 m."
SM_COL_Wardrobe_Locker_LG,COL-020,block.colony.wardrobe,Wardrobe,Locker,COL,Storage,LG,1×1×1,2.50x2.50x2.50,T1,DOM,S,60,120,0,interior_plate:6,800,400,160,48,2,2,Shared trim sheet only (no unique maps),512,bottom back,,SOCKET_Interact_Front_01,Doors ×2: hinge 100°,,S,assets/parts/colony/SM_COL_Wardrobe_Locker_LG.blend,export/parts/colony/SM_COL_Wardrobe_Locker_LG.fbx,Not started,,"Furniture sits on the bottom face. Human scale: seat height 0.45 m, table height 0.75 m, counter 0.9 m."
SM_COL_Desk_LG,COL-021,block.colony.desk,Desk,,COL,Work & Study,LG,1×1×1,2.50x2.50x2.50,T1,DOM,S,40,90,0,interior_plate:4,800,400,160,48,2,2,Shared trim sheet only (no unique maps),512,bottom,,SOCKET_Seat_Center_01 SOCKET_Work_Front_01 SOCKET_Lcd_Top_01,,,S,assets/parts/colony/SM_COL_Desk_LG.blend,export/parts/colony/SM_COL_Desk_LG.fbx,Not started,,"Furniture sits on the bottom face. Human scale: seat height 0.45 m, table height 0.75 m, counter 0.9 m."
SM_COL_Bookshelf_LG,COL-022,block.colony.bookshelf,Bookshelf,,COL,Work & Study,LG,1×1×1,2.50x2.50x2.50,T1,DOM,S,70,100,0,interior_plate:5; salvaged_wood:4,800,400,160,48,2,2,Shared trim sheet only (no unique maps),512,bottom back,,SOCKET_Interact_Front_01,,,S,assets/parts/colony/SM_COL_Bookshelf_LG.blend,export/parts/colony/SM_COL_Bookshelf_LG.fbx,Not started,,"Furniture sits on the bottom face. Human scale: seat height 0.45 m, table height 0.75 m, counter 0.9 m. Book fill-level variations (shape keys or separate meshes)."
SM_COL_ClassroomSet_LG,COL-023,block.colony.classroom_set,Classroom Set,,COL,Work & Study,LG,2×1×2,5.00x2.50x5.00,T2,DOM,M,150,250,0,interior_plate:12; display:1,4000,2000,800,240,3,6,Trim sheets + one 1K unique atlas,512,bottom,,SOCKET_Seat_Center_01 SOCKET_Seat_Center_02 SOCKET_Seat_Center_03 SOCKET_Seat_Center_04 SOCKET_Seat_Center_05 SOCKET_Seat_Center_06 SOCKET_Work_Front_01 SOCKET_Lcd_Back_01,,,M,assets/parts/colony/SM_COL_ClassroomSet_LG.blend,export/parts/colony/SM_COL_ClassroomSet_LG.fbx,Not started,,"Furniture sits on the bottom face. Human scale: seat height 0.45 m, table height 0.75 m, counter 0.9 m. Chalkboard content is a dynamic texture (Lily's drawings, lessons)."
SM_COL_MediaWall_LG,COL-024,block.colony.media_wall,Media Wall,,COL,Recreation,LG,2×1×1,5.00x2.50x2.50,T1,DOM,S,50,100,-2,interior_plate:4; display:4; computer:1,800,400,160,48,2,2,Shared trim sheet only (no unique maps),512,back,,SOCKET_Lcd_Front_01 SOCKET_Audio_Front_01,,Screen,M,assets/parts/colony/SM_COL_MediaWall_LG.blend,export/parts/colony/SM_COL_MediaWall_LG.fbx,Not started,,Wall-mounted screen with a media shelf.
SM_COL_ArcadeCabinet_LG,COL-025,block.colony.arcade_cabinet,Arcade Cabinet,,COL,Recreation,LG,1×1×1,2.50x2.50x2.50,T2,DOM,S,100,150,-1,interior_plate:6; display:1; computer:2,800,400,160,48,2,2,Shared trim sheet only (no unique maps),512,bottom,,SOCKET_Work_Front_01 SOCKET_Lcd_Front_01,,Marquee | Screen,S,assets/parts/colony/SM_COL_ArcadeCabinet_LG.blend,export/parts/colony/SM_COL_ArcadeCabinet_LG.fbx,Not started,,"Furniture sits on the bottom face. Human scale: seat height 0.45 m, table height 0.75 m, counter 0.9 m. Salvaged 1990s cabinet with a hand-painted marquee."
SM_COL_PoolTable_LG,COL-026,block.colony.pool_table,Pool Table,,COL,Recreation,LG,2×1×1,5.00x2.50x2.50,T2,DOM,S,300,250,0,interior_plate:10; fabric:4,800,400,160,48,2,2,Shared trim sheet only (no unique maps),512,bottom,,SOCKET_Work_Front_01 SOCKET_Work_Front_02 SOCKET_Work_Back_01 SOCKET_Work_Back_02,,,M,assets/parts/colony/SM_COL_PoolTable_LG.blend,export/parts/colony/SM_COL_PoolTable_LG.fbx,Not started,,"Furniture sits on the bottom face. Human scale: seat height 0.45 m, table height 0.75 m, counter 0.9 m. Zero-G variant has magnetic balls (a joke line from Tug)."
SM_COL_MusicCorner_LG,COL-027,block.colony.music_corner,Music Corner,,COL,Recreation,LG,1×1×1,2.50x2.50x2.50,T2,DOM,M,60,100,0,interior_plate:2; salvaged_wood:6; wiring_bundle:2,4000,2000,800,240,3,6,Trim sheets + one 1K unique atlas,512,bottom,,SOCKET_Seat_Center_01 SOCKET_Work_Front_01 SOCKET_Audio_Center_01,,,S,assets/parts/colony/SM_COL_MusicCorner_LG.blend,export/parts/colony/SM_COL_MusicCorner_LG.fbx,Not started,,"Furniture sits on the bottom face. Human scale: seat height 0.45 m, table height 0.75 m, counter 0.9 m. Instrument meshes are separate hand props (shared with character animation)."
SM_COL_GymSet_LG,COL-028,block.colony.gym_set,Gym Set,,COL,Recreation,LG,2×1×1,5.00x2.50x2.50,T2,DOM,M,250,300,0,steel_plate:6; small_tube:6; motor:1,4000,2000,800,240,3,6,Trim sheets + one 1K unique atlas,512,bottom,,SOCKET_Work_Center_01 SOCKET_Work_Center_02,Treadmill belt scroll,,M,assets/parts/colony/SM_COL_GymSet_LG.blend,export/parts/colony/SM_COL_GymSet_LG.fbx,Not started,,"Furniture sits on the bottom face. Human scale: seat height 0.45 m, table height 0.75 m, counter 0.9 m."
SM_COL_KidsPlayArea_LG,COL-029,block.colony.kids_play_area,Kids' Play Area,,COL,Recreation,LG,2×1×2,5.00x2.50x5.00,T2,DOM,M,120,200,0,interior_plate:8; fabric:10; bio_plastic:6,4000,2000,800,240,3,6,Trim sheets + one 1K unique atlas,512,bottom,,SOCKET_Work_Center_01 SOCKET_Work_Center_02 SOCKET_Work_Center_03 SOCKET_Work_Center_04 SOCKET_Seat_Front_01 SOCKET_Seat_Front_02,,,M,assets/parts/colony/SM_COL_KidsPlayArea_LG.blend,export/parts/colony/SM_COL_KidsPlayArea_LG.fbx,Not started,,"Furniture sits on the bottom face. Human scale: seat height 0.45 m, table height 0.75 m, counter 0.9 m. Drawing table shows the child's current drawing (dynamic texture: Lily's spirals)."
SM_COL_ChapelSet_LG,COL-030,block.colony.chapel_set,Chapel Set,,COL,Spiritual,LG,2×1×2,5.00x2.50x5.00,T2,DOM,M,200,300,0,interior_plate:10; salvaged_wood:12; fabric:4,4000,2000,800,240,3,6,Trim sheets + one 1K unique atlas,512,bottom,,SOCKET_Seat_Center_01 SOCKET_Seat_Center_02 SOCKET_Seat_Center_03 SOCKET_Seat_Center_04 SOCKET_Seat_Center_05 SOCKET_Seat_Center_06 SOCKET_Work_Front_01 SOCKET_Light_Top_01,,Candles,M,assets/parts/colony/SM_COL_ChapelSet_LG.blend,export/parts/colony/SM_COL_ChapelSet_LG.fbx,Not started,,"Furniture sits on the bottom face. Human scale: seat height 0.45 m, table height 0.75 m, counter 0.9 m. Non-denominational; symbols are swappable decals."
SM_COL_MemorialWall_LG,COL-031,block.colony.memorial_wall,Memorial Wall,,COL,Spiritual,LG,2×1×1,5.00x2.50x2.50,T1,DOM,M,180,400,0,interior_plate:8; steel_plate:4,4000,2000,800,240,3,6,Trim sheets + one 1K unique atlas,512,back,,SOCKET_Interact_Front_01 SOCKET_Work_Front_01 SOCKET_Light_Bottom_01 SOCKET_Light_Bottom_02 SOCKET_Light_Bottom_03,,Candle glow,M,assets/parts/colony/SM_COL_MemorialWall_LG.blend,export/parts/colony/SM_COL_MemorialWall_LG.fbx,Not started,,Name plates are generated text decals (up to 120 names). Leave clear space for photos and drawings people pin up.
SM_COL_Rug_Woven_LG,COL-032,block.colony.rug,Rug,Woven,COL,Decor,LG,1×1×1,2.50x2.50x2.50,T1,DOM,S,5.0,20,0,fabric:6,800,400,160,48,2,2,Shared trim sheet only (no unique maps),512,bottom,,,,,S,assets/parts/colony/SM_COL_Rug_Woven_LG.blend,export/parts/colony/SM_COL_Rug_Woven_LG.fbx,Not started,,2 × 1.4 m floor mesh (4 cm thick) with a fringe. Three patterns.
SM_COL_Rug_KestrelLogo_LG,COL-032,block.colony.rug,Rug,Kestrel Logo,COL,Decor,LG,1×1×1,2.50x2.50x2.50,T1,DOM,S,5.0,20,0,fabric:6,800,400,160,48,2,2,Shared trim sheet only (no unique maps),512,bottom,,,,,S,assets/parts/colony/SM_COL_Rug_KestrelLogo_LG.blend,export/parts/colony/SM_COL_Rug_KestrelLogo_LG.fbx,Not started,,2 × 1.4 m floor mesh (4 cm thick) with a fringe. Three patterns.
SM_COL_Rug_TessariHide_LG,COL-032,block.colony.rug,Rug,Tessari Hide,COL,Decor,LG,1×1×1,2.50x2.50x2.50,T3,DOM,S,5.0,20,0,fabric:6,800,400,160,48,2,2,Shared trim sheet only (no unique maps),512,bottom,,,,,S,assets/parts/colony/SM_COL_Rug_TessariHide_LG.blend,export/parts/colony/SM_COL_Rug_TessariHide_LG.fbx,Not started,,2 × 1.4 m floor mesh (4 cm thick) with a fringe. Three patterns.
SM_COL_PottedPlant_EarthFern_LG,COL-033,block.colony.potted_plant,Potted Plant,Earth Fern,COL,Decor,LG,1×1×1,2.50x2.50x2.50,T1,DOM,S,15,30,0,bio_plastic:2; organics:2,800,400,160,48,2,2,Shared trim sheet only (no unique maps),512,bottom,,SOCKET_Work_Front_01,,,S,assets/parts/colony/SM_COL_PottedPlant_EarthFern_LG.blend,export/parts/colony/SM_COL_PottedPlant_EarthFern_LG.fbx,Not started,,Wind/air-vent sway via vertex shader.
SM_COL_PottedPlant_VeyraBloom_LG,COL-033,block.colony.potted_plant,Potted Plant,Veyra Bloom,COL,Decor,LG,1×1×1,2.50x2.50x2.50,T3,DOM,S,15,30,0,bio_plastic:2; organics:2,800,400,160,48,2,2,Shared trim sheet only (no unique maps),512,bottom,,SOCKET_Work_Front_01,,,S,assets/parts/colony/SM_COL_PottedPlant_VeyraBloom_LG.blend,export/parts/colony/SM_COL_PottedPlant_VeyraBloom_LG.fbx,Not started,,Wind/air-vent sway via vertex shader.
SM_COL_PottedPlant_JuniperBonsai_LG,COL-033,block.colony.potted_plant,Potted Plant,Juniper Bonsai,COL,Decor,LG,1×1×1,2.50x2.50x2.50,T4,DOM,S,15,30,0,bio_plastic:2; organics:2,800,400,160,48,2,2,Shared trim sheet only (no unique maps),512,bottom,,SOCKET_Work_Front_01,,,S,assets/parts/colony/SM_COL_PottedPlant_JuniperBonsai_LG.blend,export/parts/colony/SM_COL_PottedPlant_JuniperBonsai_LG.fbx,Not started,,Wind/air-vent sway via vertex shader.
SM_COL_ArtFrame_LG,COL-034,block.colony.art_frame,Art Frame,,COL,Decor,LG,1×1×1,2.50x2.50x2.50,T1,DOM,S,4.0,15,0,interior_plate:1,800,400,160,48,2,2,Shared trim sheet only (no unique maps),512,back,,SOCKET_Lcd_Front_01,,,S,assets/parts/colony/SM_COL_ArtFrame_LG.blend,export/parts/colony/SM_COL_ArtFrame_LG.fbx,Not started,,Picture surface is a dynamic texture. Three frame styles.
SM_COL_FloorLamp_LG,COL-035,block.colony.floor_lamp,Floor Lamp,,COL,Decor,LG,1×1×1,2.50x2.50x2.50,T1,DOM,S,6.0,20,-0.1,interior_plate:1; construction_component:1,800,400,160,48,2,2,Shared trim sheet only (no unique maps),512,bottom,,SOCKET_Light_Top_01,,Shade glow,S,assets/parts/colony/SM_COL_FloorLamp_LG.blend,export/parts/colony/SM_COL_FloorLamp_LG.fbx,Not started,,Fabric shade uses translucency.
SM_MED_MedicineCabinet_LG,MED-001,block.medical.medicine_cabinet,Medicine Cabinet,,MED,Supplies,LG,1×1×1,2.50x2.50x2.50,T0,IND,S,40,100,0,interior_plate:4; medical_component:1,800,400,160,48,2,2,Shared trim sheet only (no unique maps),512,back,,SOCKET_Interact_Front_01,Door: hinge 110°,Red cross backlight,S,assets/parts/medical/SM_MED_MedicineCabinet_LG.blend,export/parts/medical/SM_MED_MedicineCabinet_LG.fbx,Not started,,White cabinet with a red cross; glass door with a crack state.
SM_MED_MedPod_LG,MED-002,block.medical.med_pod,Med-Pod,,MED,Treatment,LG,1×2×1,2.50x5.00x2.50,T1,IND,L,1200,1500,-50,interior_plate:20; construction_component:20; small_tube:10; display:4; medical_component:15; computer:6,12000,6000,2400,720,3,12,Trim sheets + one 2K unique atlas,512,bottom back,front back left right top bottom,SOCKET_Bed_Center_01 SOCKET_Interact_Front_01 SOCKET_Air_Top_01,Canopy: slides up 1.2 m,Scan ring | Status panel,M,assets/parts/medical/SM_MED_MedPod_LG.blend,export/parts/medical/SM_MED_MedPod_LG.fbx,Not started,,Upright pod; the character stands inside. The respawn animation starts inside the pod.
SM_MED_MedicalBed_LG,MED-003,block.medical.medical_bed,Medical Bed,,MED,Treatment,LG,1×1×1,2.50x2.50x2.50,T1,IND,M,150,300,-2,interior_plate:8; medical_component:4; display:1; fabric:4,4000,2000,800,240,3,6,Trim sheets + one 1K unique atlas,512,bottom,,SOCKET_Bed_Center_01 SOCKET_Work_Left_01 SOCKET_Lcd_Top_01,,Patient monitor,S,assets/parts/medical/SM_MED_MedicalBed_LG.blend,export/parts/medical/SM_MED_MedicalBed_LG.fbx,Not started,,Adjustable bed with a monitor arm and IV stand.
SM_MED_SurgeryTable_LG,MED-004,block.medical.surgery_table,Surgery Table,,MED,Treatment,LG,1×1×1,2.50x2.50x2.50,T2,IND,M,250,300,-5,steel_plate:6; medical_component:10; display:1,4000,2000,800,240,3,6,Trim sheets + one 1K unique atlas,512,bottom,,SOCKET_Bed_Center_01 SOCKET_Work_Left_01 SOCKET_Work_Right_01 SOCKET_Light_Top_01,,Surgical lamp,S,assets/parts/medical/SM_MED_SurgeryTable_LG.blend,export/parts/medical/SM_MED_SurgeryTable_LG.fbx,Not started,,Steel table with an overhead surgical light arm (PART_LampArm).
SM_MED_MedicalLab_LG,MED-005,block.medical.medical_lab,Medical Lab,,MED,Research,LG,2×1×2,5.00x2.50x5.00,T2,IND,L,900,1000,-40,interior_plate:20; medical_component:20; computer:10; display:4; glass_panel:6,12000,6000,2400,720,3,12,Trim sheets + one 2K unique atlas,512,bottom,,SOCKET_Work_Front_01 SOCKET_Work_Front_02 SOCKET_Lcd_Back_01 SOCKET_Interact_Front_01 SOCKET_Air_Top_01,,Microscope screens | Centrifuge lights,M,assets/parts/medical/SM_MED_MedicalLab_LG.blend,export/parts/medical/SM_MED_MedicalLab_LG.fbx,Not started,,"Benches, centrifuge, fume hood and a sample fridge."
SM_MED_QuarantineCell_LG,MED-006,block.medical.quarantine_cell,Quarantine Cell,,MED,Infection Control,LG,1×1×1,2.50x2.50x2.50,T2,IND,M,900,2000,-8,steel_plate:12; glass_panel:12; filter_mesh:6; motor:2,4000,2000,800,240,3,6,Trim sheets + one 1K unique atlas,512,front back left right top bottom,front back left right top bottom,SOCKET_Bed_Center_01 SOCKET_Air_Top_01 SOCKET_Interact_Front_01,"Door: slide 1.0 m, lockable",Negative-pressure indicator,S,assets/parts/medical/SM_MED_QuarantineCell_LG.blend,export/parts/medical/SM_MED_QuarantineCell_LG.fbx,Not started,,Glass front so the patient is visible; a speaker grille for talking.
SM_MED_BioScannerGate_LG,MED-007,block.medical.bio_scanner_gate,Bio-Scanner Gate,,MED,Infection Control,LG,1×1×1,2.50x2.50x2.50,T2,IND,M,500,900,-6,steel_plate:10; detector_component:6; computer:4; display:1,4000,2000,800,240,3,6,Trim sheets + one 1K unique atlas,512,bottom,,SOCKET_Camera_Center_01 SOCKET_Lcd_Front_01,,Scan plane (green/red),S,assets/parts/medical/SM_MED_BioScannerGate_LG.blend,export/parts/medical/SM_MED_BioScannerGate_LG.fbx,Not started,,"Arch 2.2 m tall, 1.2 m wide."
SM_MED_DeconShower_LG,MED-008,block.medical.decon_shower,Decon Shower,,MED,Infection Control,LG,1×1×1,2.50x2.50x2.50,T1,IND,S,100,200,-10,interior_plate:6; filter_mesh:2; small_tube:2,800,400,160,48,2,2,Shared trim sheet only (no unique maps),512,bottom back,,SOCKET_Work_Center_01 SOCKET_Water_Back_01,,UV strip,S,assets/parts/medical/SM_MED_DeconShower_LG.blend,export/parts/medical/SM_MED_DeconShower_LG.fbx,Not started,,Yellow-and-white hazard version of the Shower.
SM_MED_CryoPod_LG,MED-009,block.medical.cryo_pod,Cryo Pod,,MED,Treatment,LG,1×2×1,2.50x5.00x2.50,T3,IND,L,1500,1500,-40,steel_plate:20; glass_panel:6; medical_component:20; computer:10; superconductor:4,12000,6000,2400,720,3,12,Trim sheets + one 2K unique atlas,512,bottom back,front back left right top bottom,SOCKET_Bed_Center_01 SOCKET_Interact_Front_01,Lid: slides up,Frost-blue interior light | Vital signs panel,M,assets/parts/medical/SM_MED_CryoPod_LG.blend,export/parts/medical/SM_MED_CryoPod_LG.fbx,Not started,,Frosted glass lid; the occupant is visible through the frost (a mask parameter).
SM_DEF_Barricade_Wooden_LG,DEF-001,block.defense.barricade,Barricade,Wooden,DEF,Survivor Defenses,LG,1×1×1,2.50x2.50x2.50,T0,SCR,M,300,800,0,scrap_metal:10; salvaged_wood:10,4000,2000,800,240,3,6,Trim sheets + one 1K unique atlas,512,bottom,,,,,S,assets/parts/defense/SM_DEF_Barricade_Wooden_LG.blend,export/parts/defense/SM_DEF_Barricade_Wooden_LG.fbx,Not started,,"1.8 m tall. Each variant has 3 damage states (intact, battered, collapsing) as separate meshes because barricades break visibly."
SM_DEF_Barricade_CarWreck_LG,DEF-001,block.defense.barricade,Barricade,Car Wreck,DEF,Survivor Defenses,LG,1×1×1,2.50x2.50x2.50,T0,SCR,M,900,1280,0,scrap_metal:30; salvaged_wood:30,4000,2000,800,240,3,6,Trim sheets + one 1K unique atlas,512,bottom,,,,,S,assets/parts/defense/SM_DEF_Barricade_CarWreck_LG.blend,export/parts/defense/SM_DEF_Barricade_CarWreck_LG.fbx,Not started,,"1.8 m tall. Each variant has 3 damage states (intact, battered, collapsing) as separate meshes because barricades break visibly."
SM_DEF_Barricade_PalletAndWire_LG,DEF-001,block.defense.barricade,Barricade,Pallet & Wire,DEF,Survivor Defenses,LG,1×1×1,2.50x2.50x2.50,T0,SCR,M,300,800,0,scrap_metal:10; salvaged_wood:10,4000,2000,800,240,3,6,Trim sheets + one 1K unique atlas,512,bottom,,,,,S,assets/parts/defense/SM_DEF_Barricade_PalletAndWire_LG.blend,export/parts/defense/SM_DEF_Barricade_PalletAndWire_LG.fbx,Not started,,"1.8 m tall. Each variant has 3 damage states (intact, battered, collapsing) as separate meshes because barricades break visibly."
SM_DEF_SandbagWall_FullHeight_LG,DEF-002,block.defense.sandbag_wall,Sandbag Wall,Full Height,DEF,Survivor Defenses,LG,1×1×1,2.50x2.50x2.50,T0,SCR,S,1200,1400,0,fabric:10; scrap_metal:2,800,400,160,48,2,2,Shared trim sheet only (no unique maps),512,bottom,,,,,S,assets/parts/defense/SM_DEF_SandbagWall_FullHeight_LG.blend,export/parts/defense/SM_DEF_SandbagWall_FullHeight_LG.fbx,Not started,,Individual bag shapes (6 unique bags instanced).
SM_DEF_SandbagWall_HalfHeight_LG,DEF-002,block.defense.sandbag_wall,Sandbag Wall,Half Height,DEF,Survivor Defenses,LG,1×1×1,2.50x2.50x2.50,T0,SCR,S,600,700,0,fabric:5; scrap_metal:1,800,400,160,48,2,2,Shared trim sheet only (no unique maps),512,bottom,,,,,S,assets/parts/defense/SM_DEF_SandbagWall_HalfHeight_LG.blend,export/parts/defense/SM_DEF_SandbagWall_HalfHeight_LG.fbx,Not started,,Individual bag shapes (6 unique bags instanced).
SM_DEF_BarbedWire_LG,DEF-003,block.defense.barbed_wire,Barbed Wire,,DEF,Survivor Defenses,LG,1×1×1,2.50x2.50x2.50,T0,SCR,S,40,250,0,scrap_metal:6,800,400,160,48,2,2,Shared trim sheet only (no unique maps),512,bottom,,,,,S,assets/parts/defense/SM_DEF_BarbedWire_LG.blend,export/parts/defense/SM_DEF_BarbedWire_LG.fbx,Not started,,Coiled concertina wire on X-frames. Real geometry for the coils (no alpha); keep coils under the S budget with a spline-generated low-segment wire.
SM_DEF_SpikeTrap_LG,DEF-004,block.defense.spike_trap,Spike Trap,,DEF,Survivor Defenses,LG,1×1×1,2.50x2.50x2.50,T0,SCR,S,100,400,0,scrap_metal:8; salvaged_wood:4,800,400,160,48,2,2,Shared trim sheet only (no unique maps),512,bottom,,,,,S,assets/parts/defense/SM_DEF_SpikeTrap_LG.blend,export/parts/defense/SM_DEF_SpikeTrap_LG.fbx,Not started,,Rebar and sharpened stakes in a pallet base; 3 wear states.
SM_DEF_ChainLinkFence_Plain_LG,DEF-005,block.defense.chain_link_fence,Chain-Link Fence,Plain,DEF,Survivor Defenses,LG,1×1×1,2.50x2.50x2.50,T0,SCR,S,60,400,0,scrap_metal:4; small_tube:3,800,400,160,48,2,2,Shared trim sheet only (no unique maps),512,bottom left right,,,,,S,assets/parts/defense/SM_DEF_ChainLinkFence_Plain_LG.blend,export/parts/defense/SM_DEF_ChainLinkFence_Plain_LG.fbx,Not started,,Masked chain-link material. Bends under load (vertex shader driven by 'Push').
SM_DEF_ChainLinkFence_RazorWire_LG,DEF-005,block.defense.chain_link_fence,Chain-Link Fence,Razor Wire,DEF,Survivor Defenses,LG,1×1×1,2.50x2.50x2.50,T0,SCR,S,60,400,0,scrap_metal:4; small_tube:3,800,400,160,48,2,2,Shared trim sheet only (no unique maps),512,bottom left right,,,,,S,assets/parts/defense/SM_DEF_ChainLinkFence_RazorWire_LG.blend,export/parts/defense/SM_DEF_ChainLinkFence_RazorWire_LG.fbx,Not started,,Masked chain-link material. Bends under load (vertex shader driven by 'Push').
SM_DEF_TripwireMine_SG,DEF-006,block.defense.tripwire_mine,Tripwire Mine,,DEF,Traps,SG,1×1×1,0.50x0.50x0.50,T1,SCR,S,4.0,10,0,explosives:1; scrap_metal:1; wiring_bundle:1,300,150,60,18,2,2,Shared trim sheet only (no unique maps),1024,bottom,,SOCKET_VfxFire_Center_01,,,XS,assets/parts/defense/SM_DEF_TripwireMine_SG.blend,export/parts/defense/SM_DEF_TripwireMine_SG.fbx,Not started,,Pipe-bomb canister with a wire spool.
SM_DEF_NoiseDecoy_LG,DEF-007,block.defense.noise_decoy,Noise Decoy,,DEF,Traps,LG,1×1×1,2.50x2.50x2.50,T1,SCR,S,60,150,-0.5,scrap_metal:4; radio_component:1; power_cell:1,800,400,160,48,2,2,Shared trim sheet only (no unique maps),512,bottom,,SOCKET_Audio_Center_01,,Blinking LED,S,assets/parts/defense/SM_DEF_NoiseDecoy_LG.blend,export/parts/defense/SM_DEF_NoiseDecoy_LG.fbx,Not started,,Alarm-clock-and-speaker contraption; the SG version is a throwable-sized box.
SM_DEF_NoiseDecoy_SG,DEF-007,block.defense.noise_decoy,Noise Decoy,,DEF,Traps,SG,1×1×1,0.50x0.50x0.50,T1,SCR,S,5.0,30,-0.05,scrap_metal:1; radio_component:1; power_cell:1,300,150,60,18,2,2,Shared trim sheet only (no unique maps),1024,bottom,,SOCKET_Audio_Center_01,,Blinking LED,XS,assets/parts/defense/SM_DEF_NoiseDecoy_SG.blend,export/parts/defense/SM_DEF_NoiseDecoy_SG.fbx,Not started,,Alarm-clock-and-speaker contraption; the SG version is a throwable-sized box.
SM_DEF_FlameTrap_LG,DEF-008,block.defense.flame_trap,Flame Trap,,DEF,Traps,LG,1×1×1,2.50x2.50x2.50,T2,IND,M,500,900,-1,steel_plate:8; large_tube:4; motor:1,4000,2000,800,240,3,6,Trim sheets + one 1K unique atlas,512,bottom back,,SOCKET_VfxFire_Top_01 SOCKET_Fuel_Bottom_01,,,S,assets/parts/defense/SM_DEF_FlameTrap_LG.blend,export/parts/defense/SM_DEF_FlameTrap_LG.fbx,Not started,,Grated vent plate over nozzles; heat discoloration on the plate.
SM_DEF_InteriorTurret_LG,DEF-009,block.defense.interior_turret,Interior Turret,,DEF,Turrets,LG,1×1×1,2.50x2.50x2.50,T2,IND,M,300,600,-0.5,interior_plate:6; construction_component:20; motor:2; computer:5; steel_plate:4,4000,2000,800,240,3,6,Trim sheets + one 1K unique atlas,512,top,,SOCKET_Muzzle_Bottom_01 SOCKET_Camera_Bottom_01,Yaw 360° | Pitch −90° to 0°,Targeting laser (red),S,assets/parts/defense/SM_DEF_InteriorTurret_LG.blend,export/parts/defense/SM_DEF_InteriorTurret_LG.fbx,Not started,,Turret rig standard: PART_Base (static) → PART_Yaw (rotates about Z) → PART_Pitch (rotates about Y) → PART_Barrel (spins or recoils). Pivots on the axis lines; muzzle socket at the barrel tip.
SM_DEF_GatlingTurret_LG,DEF-010,block.defense.gatling_turret,Gatling Turret,,DEF,Turrets,LG,3×2×3,7.50x5.00x7.50,T2,IND,L,2200,3000,-2,steel_plate:40; construction_component:30; metal_grid:15; small_tube:6; motor:8; computer:10,12000,6000,2400,720,3,12,Trim sheets + one 2K unique atlas,512,bottom,,SOCKET_Muzzle_Front_01 SOCKET_ConveyorLarge_Bottom_01 SOCKET_Camera_Front_01,Yaw 360° | Pitch −10° to +90° | Barrel cluster spin,Status light,M,assets/parts/defense/SM_DEF_GatlingTurret_LG.blend,export/parts/defense/SM_DEF_GatlingTurret_LG.fbx,Not started,,Turret rig standard: PART_Base (static) → PART_Yaw (rotates about Z) → PART_Pitch (rotates about Y) → PART_Barrel (spins or recoils). Pivots on the axis lines; muzzle socket at the barrel tip.
SM_DEF_GatlingTurret_SG,DEF-010,block.defense.gatling_turret,Gatling Turret,,DEF,Turrets,SG,3×2×3,1.50x1.00x1.50,T2,IND,L,350,500,-0.5,steel_plate:6; construction_component:4; metal_grid:2; small_tube:1; motor:1; computer:2,5000,2500,1000,300,3,12,Trim sheets + one 2K unique atlas,1024,bottom,,SOCKET_Muzzle_Front_01 SOCKET_ConveyorLarge_Bottom_01 SOCKET_Camera_Front_01,Yaw 360° | Pitch −10° to +90° | Barrel cluster spin,Status light,S,assets/parts/defense/SM_DEF_GatlingTurret_SG.blend,export/parts/defense/SM_DEF_GatlingTurret_SG.fbx,Not started,,Turret rig standard: PART_Base (static) → PART_Yaw (rotates about Z) → PART_Pitch (rotates about Y) → PART_Barrel (spins or recoils). Pivots on the axis lines; muzzle socket at the barrel tip.
SM_DEF_RocketTurret_LG,DEF-011,block.defense.rocket_turret,Rocket Turret,,DEF,Turrets,LG,3×2×3,7.50x5.00x7.50,T2,IND,L,2600,3200,-2,steel_plate:50; construction_component:40; metal_grid:15; large_tube:6; motor:8; computer:10,12000,6000,2400,720,3,12,Trim sheets + one 2K unique atlas,512,bottom,,SOCKET_Muzzle_Front_01 SOCKET_Muzzle_Front_02 SOCKET_Muzzle_Front_03 SOCKET_Muzzle_Front_04 SOCKET_ConveyorLarge_Bottom_01,Yaw 360° | Pitch −10° to +80° | Pod doors,,M,assets/parts/defense/SM_DEF_RocketTurret_LG.blend,export/parts/defense/SM_DEF_RocketTurret_LG.fbx,Not started,,Turret rig standard: PART_Base (static) → PART_Yaw (rotates about Z) → PART_Pitch (rotates about Y) → PART_Barrel (spins or recoils). Pivots on the axis lines; muzzle socket at the barrel tip.
SM_DEF_RocketTurret_SG,DEF-011,block.defense.rocket_turret,Rocket Turret,,DEF,Turrets,SG,3×2×3,1.50x1.00x1.50,T2,IND,L,400,500,-0.5,steel_plate:8; construction_component:6; metal_grid:2; large_tube:1; motor:1; computer:2,5000,2500,1000,300,3,12,Trim sheets + one 2K unique atlas,1024,bottom,,SOCKET_Muzzle_Front_01 SOCKET_Muzzle_Front_02 SOCKET_Muzzle_Front_03 SOCKET_Muzzle_Front_04 SOCKET_ConveyorLarge_Bottom_01,Yaw 360° | Pitch −10° to +80° | Pod doors,,S,assets/parts/defense/SM_DEF_RocketTurret_SG.blend,export/parts/defense/SM_DEF_RocketTurret_SG.fbx,Not started,,Turret rig standard: PART_Base (static) → PART_Yaw (rotates about Z) → PART_Pitch (rotates about Y) → PART_Barrel (spins or recoils). Pivots on the axis lines; muzzle socket at the barrel tip.
SM_DEF_FlameTurret_LG,DEF-012,block.defense.flame_turret,Flame Turret,,DEF,Turrets,LG,2×1×2,5.00x2.50x5.00,T2,IND,M,1400,2200,-1,steel_plate:30; large_tube:8; motor:6; computer:6,4000,2000,800,240,3,6,Trim sheets + one 1K unique atlas,512,bottom,,SOCKET_Muzzle_Front_01 SOCKET_Fuel_Bottom_01,Yaw 360° | Pitch −20° to +45°,Pilot light,M,assets/parts/defense/SM_DEF_FlameTurret_LG.blend,export/parts/defense/SM_DEF_FlameTurret_LG.fbx,Not started,,Turret rig standard: PART_Base (static) → PART_Yaw (rotates about Z) → PART_Pitch (rotates about Y) → PART_Barrel (spins or recoils). Pivots on the axis lines; muzzle socket at the barrel tip.
SM_DEF_ArcTurret_LG,DEF-013,block.defense.arc_turret,Arc Turret,,DEF,Turrets,LG,2×2×2,5.00x5.00x5.00,T3,IND,L,2000,2600,-400,steel_plate:30; superconductor:20; power_cell:20; motor:6; computer:10,12000,6000,2400,720,3,12,Trim sheets + one 2K unique atlas,512,bottom,,SOCKET_Muzzle_Top_01 SOCKET_Camera_Front_01,Yaw 360° | Pitch 0° to +80° | Coil rings pulse,Charge coils (electric blue),M,assets/parts/defense/SM_DEF_ArcTurret_LG.blend,export/parts/defense/SM_DEF_ArcTurret_LG.fbx,Not started,,Turret rig standard: PART_Base (static) → PART_Yaw (rotates about Z) → PART_Pitch (rotates about Y) → PART_Barrel (spins or recoils). Pivots on the axis lines; muzzle socket at the barrel tip. Tesla-coil head.
SM_DEF_LaserTurret_LG,DEF-014,block.defense.laser_turret,Laser Turret,,DEF,Turrets,LG,2×2×2,5.00x5.00x5.00,T3,IND,L,1800,2400,-800,steel_plate:25; superconductor:15; glass_panel:4; motor:6; computer:12,12000,6000,2400,720,3,12,Trim sheets + one 2K unique atlas,512,bottom,,SOCKET_Muzzle_Front_01,Yaw 360° | Pitch −10° to +90°,Lens glow,M,assets/parts/defense/SM_DEF_LaserTurret_LG.blend,export/parts/defense/SM_DEF_LaserTurret_LG.fbx,Not started,,Turret rig standard: PART_Base (static) → PART_Yaw (rotates about Z) → PART_Pitch (rotates about Y) → PART_Barrel (spins or recoils). Pivots on the axis lines; muzzle socket at the barrel tip.
SM_DEF_LaserTurret_SG,DEF-014,block.defense.laser_turret,Laser Turret,,DEF,Turrets,SG,2×2×2,1.00x1.00x1.00,T3,IND,L,300,400,-80,steel_plate:4; superconductor:2; glass_panel:1; motor:1; computer:2,5000,2500,1000,300,3,12,Trim sheets + one 2K unique atlas,1024,bottom,,SOCKET_Muzzle_Front_01,Yaw 360° | Pitch −10° to +90°,Lens glow,S,assets/parts/defense/SM_DEF_LaserTurret_SG.blend,export/parts/defense/SM_DEF_LaserTurret_SG.fbx,Not started,,Turret rig standard: PART_Base (static) → PART_Yaw (rotates about Z) → PART_Pitch (rotates about Y) → PART_Barrel (spins or recoils). Pivots on the axis lines; muzzle socket at the barrel tip.
SM_DEF_PointDefenseTurret_LG,DEF-015,block.defense.point_defense_turret,Point Defense Turret,,DEF,Turrets,LG,1×1×1,2.50x2.50x2.50,T3,IND,M,900,1400,-5,steel_plate:20; motor:6; computer:12; detector_component:4,4000,2000,800,240,3,6,Trim sheets + one 1K unique atlas,512,bottom,,SOCKET_Muzzle_Front_01 SOCKET_Camera_Front_01,Yaw 360° | Pitch 0° to +90° | Barrel spin,,S,assets/parts/defense/SM_DEF_PointDefenseTurret_LG.blend,export/parts/defense/SM_DEF_PointDefenseTurret_LG.fbx,Not started,,Turret rig standard: PART_Base (static) → PART_Yaw (rotates about Z) → PART_Pitch (rotates about Y) → PART_Barrel (spins or recoils). Pivots on the axis lines; muzzle socket at the barrel tip. Radar dish on the yaw ring (PART_Radar spins).
SM_DEF_PointDefenseTurret_SG,DEF-015,block.defense.point_defense_turret,Point Defense Turret,,DEF,Turrets,SG,1×1×1,0.50x0.50x0.50,T3,IND,M,120,200,-0.5,steel_plate:3; motor:1; computer:2; detector_component:1,1500,750,300,90,3,6,Trim sheets + one 1K unique atlas,1024,bottom,,SOCKET_Muzzle_Front_01 SOCKET_Camera_Front_01,Yaw 360° | Pitch 0° to +90° | Barrel spin,,XS,assets/parts/defense/SM_DEF_PointDefenseTurret_SG.blend,export/parts/defense/SM_DEF_PointDefenseTurret_SG.fbx,Not started,,Turret rig standard: PART_Base (static) → PART_Yaw (rotates about Z) → PART_Pitch (rotates about Y) → PART_Barrel (spins or recoils). Pivots on the axis lines; muzzle socket at the barrel tip. Radar dish on the yaw ring (PART_Radar spins).
SM_DEF_GatlingGun_LG,DEF-016,block.defense.gatling_gun,Gatling Gun,,DEF,Fixed Weapons,LG,1×1×3,2.50x2.50x7.50,T2,IND,M,1200,1600,0,steel_plate:20; construction_component:20; metal_grid:6; small_tube:6; motor:4; computer:2,4000,2000,800,240,3,6,Trim sheets + one 1K unique atlas,512,back bottom,,SOCKET_Muzzle_Front_01 SOCKET_ConveyorLarge_Back_01,Barrel cluster spin,,M,assets/parts/defense/SM_DEF_GatlingGun_LG.blend,export/parts/defense/SM_DEF_GatlingGun_LG.fbx,Not started,,Barrel along +X.
SM_DEF_GatlingGun_SG,DEF-016,block.defense.gatling_gun,Gatling Gun,,DEF,Fixed Weapons,SG,1×1×3,0.50x0.50x1.50,T2,IND,M,200,300,0,steel_plate:3; construction_component:3; metal_grid:1; small_tube:1; motor:1; computer:1,1500,750,300,90,3,6,Trim sheets + one 1K unique atlas,1024,back bottom,,SOCKET_Muzzle_Front_01 SOCKET_ConveyorLarge_Back_01,Barrel cluster spin,,S,assets/parts/defense/SM_DEF_GatlingGun_SG.blend,export/parts/defense/SM_DEF_GatlingGun_SG.fbx,Not started,,Barrel along +X.
SM_DEF_MissileLauncher_LG,DEF-017,block.defense.missile_launcher,Missile Launcher,,DEF,Fixed Weapons,LG,1×1×2,2.50x2.50x5.00,T2,IND,M,1500,2000,0,steel_plate:30; construction_component:20; large_tube:8; motor:4; computer:4,4000,2000,800,240,3,6,Trim sheets + one 1K unique atlas,512,back bottom,,SOCKET_Muzzle_Front_01 SOCKET_Muzzle_Front_02 SOCKET_Muzzle_Front_03 SOCKET_Muzzle_Front_04 SOCKET_ConveyorLarge_Back_01,Tube covers ×4,,M,assets/parts/defense/SM_DEF_MissileLauncher_LG.blend,export/parts/defense/SM_DEF_MissileLauncher_LG.fbx,Not started,,2×2 tube grid on the front face.
SM_DEF_MissileLauncher_SG,DEF-017,block.defense.missile_launcher,Missile Launcher,,DEF,Fixed Weapons,SG,1×1×2,0.50x0.50x1.00,T2,IND,M,250,300,0,steel_plate:4; construction_component:3; large_tube:1; motor:1; computer:1,1500,750,300,90,3,6,Trim sheets + one 1K unique atlas,1024,back bottom,,SOCKET_Muzzle_Front_01 SOCKET_Muzzle_Front_02 SOCKET_Muzzle_Front_03 SOCKET_Muzzle_Front_04 SOCKET_ConveyorLarge_Back_01,Tube covers ×4,,S,assets/parts/defense/SM_DEF_MissileLauncher_SG.blend,export/parts/defense/SM_DEF_MissileLauncher_SG.fbx,Not started,,2×2 tube grid on the front face.
SM_DEF_Railgun_LG,DEF-018,block.defense.railgun,Railgun,,DEF,Fixed Weapons,LG,1×1×6,2.50x2.50x15.00,T3,IND,L,20000,6000,-50000,steel_plate:300; superconductor:150; power_cell:20; large_tube:20; computer:20,12000,6000,2400,720,3,12,Trim sheets + one 2K unique atlas,512,back bottom,,SOCKET_Muzzle_Front_01 SOCKET_ConveyorLarge_Back_01,Rail capacitor rings pulse,Charge rails (blue-white),L,assets/parts/defense/SM_DEF_Railgun_LG.blend,export/parts/defense/SM_DEF_Railgun_LG.fbx,Not started,,Long twin-rail barrel with capacitor bank at the back.
SM_DEF_Railgun_SG,DEF-018,block.defense.railgun,Railgun,,DEF,Fixed Weapons,SG,1×1×6,0.50x0.50x3.00,T3,IND,L,1400,800,-4000,steel_plate:45; superconductor:22; power_cell:3; large_tube:3; computer:3,5000,2500,1000,300,3,12,Trim sheets + one 2K unique atlas,1024,back bottom,,SOCKET_Muzzle_Front_01 SOCKET_ConveyorLarge_Back_01,Rail capacitor rings pulse,Charge rails (blue-white),M,assets/parts/defense/SM_DEF_Railgun_SG.blend,export/parts/defense/SM_DEF_Railgun_SG.fbx,Not started,,Long twin-rail barrel with capacitor bank at the back.
SM_DEF_EMPTorpedoLauncher_LG,DEF-019,block.defense.emp_torpedo_launcher,EMP Torpedo Launcher,,DEF,Fixed Weapons,LG,1×1×3,2.50x2.50x7.50,T3,IND,M,3000,2500,0,steel_plate:40; large_tube:8; power_cell:10; computer:8,4000,2000,800,240,3,6,Trim sheets + one 1K unique atlas,512,back bottom,,SOCKET_Muzzle_Front_01 SOCKET_ConveyorLarge_Back_01,,,M,assets/parts/defense/SM_DEF_EMPTorpedoLauncher_LG.blend,export/parts/defense/SM_DEF_EMPTorpedoLauncher_LG.fbx,Not started,,Single large tube with a blue EMP warning band.
SM_DEF_BoardingDrill_LG,DEF-020,block.defense.boarding_drill,Boarding Drill,,DEF,Boarding,LG,3×3×4,7.50x7.50x10.00,T3,IND,XL,40000,15000,-3000,steel_plate:400; large_tube:40; motor:80; construction_component:60; metal_grid:60,40000,20000,8000,2400,4,24,4K unique texture set + trim sheets,512,back,front back left right top bottom,SOCKET_VfxSparks_Front_01 SOCKET_Interact_Back_01 SOCKET_Air_Back_01,Drill head: spins | Cutter teeth ring: counter-spins | Seal skirt: extends 1 m,,L,assets/parts/defense/SM_DEF_BoardingDrill_LG.blend,export/parts/defense/SM_DEF_BoardingDrill_LG.fbx,Not started,,Hero piece: conical cutter with a sealing skirt so the breach stays pressurized.
SM_DEF_RamProw_LG,DEF-021,block.defense.ram_prow,Ram Prow,,DEF,Boarding,LG,3×3×2,7.50x7.50x5.00,T2,IND,M,24000,30000,0,steel_plate:500; metal_grid:200,4000,2000,800,240,3,6,Trim sheets + one 1K unique atlas,512,back,front back left right top bottom,,,,M,assets/parts/defense/SM_DEF_RamProw_LG.blend,export/parts/defense/SM_DEF_RamProw_LG.fbx,Not started,,Layered armor plates with scrape marks.
SM_UTL_Floodlight_TripodSurvivor_LG,UTL-001,block.utility.floodlight,Floodlight,Tripod (Survivor),UTL,Lighting,LG,1×1×1,2.50x2.50x2.50,T0,SCR,S,120,300,-3,scrap_metal:6; glass_panel:2; wiring_bundle:2,800,400,160,48,2,2,Shared trim sheet only (no unique maps),512,bottom back,,SOCKET_Light_Front_01,"Head: yaw 360°, pitch −45° to +45°",Lamp face,S,assets/parts/utility/SM_UTL_Floodlight_TripodSurvivor_LG.blend,export/parts/utility/SM_UTL_Floodlight_TripodSurvivor_LG.fbx,Not started,,Salvaged construction floodlight on a tripod (SCR) or pole mount (IND variant).
SM_UTL_Floodlight_TripodSurvivor_SG,UTL-001,block.utility.floodlight,Floodlight,Tripod (Survivor),UTL,Lighting,SG,1×1×1,0.50x0.50x0.50,T0,SCR,S,10,40,-0.5,scrap_metal:1; glass_panel:1; wiring_bundle:1,300,150,60,18,2,2,Shared trim sheet only (no unique maps),1024,bottom back,,SOCKET_Light_Front_01,"Head: yaw 360°, pitch −45° to +45°",Lamp face,XS,assets/parts/utility/SM_UTL_Floodlight_TripodSurvivor_SG.blend,export/parts/utility/SM_UTL_Floodlight_TripodSurvivor_SG.fbx,Not started,,Salvaged construction floodlight on a tripod (SCR) or pole mount (IND variant).
SM_UTL_Floodlight_PoleMountIndustrial_LG,UTL-001,block.utility.floodlight,Floodlight,Pole Mount (Industrial),UTL,Lighting,LG,1×1×1,2.50x2.50x2.50,T1,SCR,S,120,300,-3,scrap_metal:6; glass_panel:2; wiring_bundle:2,800,400,160,48,2,2,Shared trim sheet only (no unique maps),512,bottom back,,SOCKET_Light_Front_01,"Head: yaw 360°, pitch −45° to +45°",Lamp face,S,assets/parts/utility/SM_UTL_Floodlight_PoleMountIndustrial_LG.blend,export/parts/utility/SM_UTL_Floodlight_PoleMountIndustrial_LG.fbx,Not started,,Salvaged construction floodlight on a tripod (SCR) or pole mount (IND variant).
SM_UTL_Floodlight_PoleMountIndustrial_SG,UTL-001,block.utility.floodlight,Floodlight,Pole Mount (Industrial),UTL,Lighting,SG,1×1×1,0.50x0.50x0.50,T1,SCR,S,10,40,-0.5,scrap_metal:1; glass_panel:1; wiring_bundle:1,300,150,60,18,2,2,Shared trim sheet only (no unique maps),1024,bottom back,,SOCKET_Light_Front_01,"Head: yaw 360°, pitch −45° to +45°",Lamp face,XS,assets/parts/utility/SM_UTL_Floodlight_PoleMountIndustrial_SG.blend,export/parts/utility/SM_UTL_Floodlight_PoleMountIndustrial_SG.fbx,Not started,,Salvaged construction floodlight on a tripod (SCR) or pole mount (IND variant).
SM_UTL_InteriorLight_LG,UTL-002,block.utility.interior_light,Interior Light,,UTL,Lighting,LG,1×1×1,2.50x2.50x2.50,T1,IND,S,20,80,-0.2,construction_component:2; glass_panel:1,800,400,160,48,2,2,Shared trim sheet only (no unique maps),512,top,,SOCKET_Light_Bottom_01,,Light panel,S,assets/parts/utility/SM_UTL_InteriorLight_LG.blend,export/parts/utility/SM_UTL_InteriorLight_LG.fbx,Not started,,Recessed panel light; color from the light's settings.
SM_UTL_InteriorLight_SG,UTL-002,block.utility.interior_light,Interior Light,,UTL,Lighting,SG,1×1×1,0.50x0.50x0.50,T1,IND,S,2.0,15,-0.02,construction_component:1; glass_panel:1,300,150,60,18,2,2,Shared trim sheet only (no unique maps),1024,top,,SOCKET_Light_Bottom_01,,Light panel,XS,assets/parts/utility/SM_UTL_InteriorLight_SG.blend,export/parts/utility/SM_UTL_InteriorLight_SG.fbx,Not started,,Recessed panel light; color from the light's settings.
SM_UTL_Spotlight_LG,UTL-003,block.utility.spotlight,Spotlight,,UTL,Lighting,LG,1×1×1,2.50x2.50x2.50,T1,IND,S,60,150,-0.5,construction_component:3; glass_panel:2; motor:1,800,400,160,48,2,2,Shared trim sheet only (no unique maps),512,bottom back top,,SOCKET_Light_Front_01,Yaw 360° | Pitch ±90°,Lens,S,assets/parts/utility/SM_UTL_Spotlight_LG.blend,export/parts/utility/SM_UTL_Spotlight_LG.fbx,Not started,,Can be driven by sensors to track targets.
SM_UTL_Spotlight_SG,UTL-003,block.utility.spotlight,Spotlight,,UTL,Lighting,SG,1×1×1,0.50x0.50x0.50,T1,IND,S,5.0,25,-0.05,construction_component:1; glass_panel:1; motor:1,300,150,60,18,2,2,Shared trim sheet only (no unique maps),1024,bottom back top,,SOCKET_Light_Front_01,Yaw 360° | Pitch ±90°,Lens,XS,assets/parts/utility/SM_UTL_Spotlight_SG.blend,export/parts/utility/SM_UTL_Spotlight_SG.fbx,Not started,,Can be driven by sensors to track targets.
SM_UTL_WarningBeaconLight_LG,UTL-004,block.utility.warning_beacon_light,Warning Beacon Light,,UTL,Lighting,LG,1×1×1,2.50x2.50x2.50,T1,IND,S,20,80,-0.1,construction_component:2; glass_panel:1; motor:1,800,400,160,48,2,2,Shared trim sheet only (no unique maps),512,bottom back top,,SOCKET_Light_Center_01,Reflector spins,Dome glow,S,assets/parts/utility/SM_UTL_WarningBeaconLight_LG.blend,export/parts/utility/SM_UTL_WarningBeaconLight_LG.fbx,Not started,,Classic rotating dome.
SM_UTL_WarningBeaconLight_SG,UTL-004,block.utility.warning_beacon_light,Warning Beacon Light,,UTL,Lighting,SG,1×1×1,0.50x0.50x0.50,T1,IND,S,2.0,15,-0.01,construction_component:1; glass_panel:1; motor:1,300,150,60,18,2,2,Shared trim sheet only (no unique maps),1024,bottom back top,,SOCKET_Light_Center_01,Reflector spins,Dome glow,XS,assets/parts/utility/SM_UTL_WarningBeaconLight_SG.blend,export/parts/utility/SM_UTL_WarningBeaconLight_SG.fbx,Not started,,Classic rotating dome.
SM_UTL_Camera_LG,UTL-005,block.utility.camera,Camera,,UTL,Sensing,LG,1×1×1,2.50x2.50x2.50,T1,IND,S,30,100,-0.1,construction_component:2; computer:3; glass_panel:1,800,400,160,48,2,2,Shared trim sheet only (no unique maps),512,back top,,SOCKET_Camera_Front_01,Yaw ±90° | Pitch ±45°,Recording LED,S,assets/parts/utility/SM_UTL_Camera_LG.blend,export/parts/utility/SM_UTL_Camera_LG.fbx,Not started,,Security-camera housing.
SM_UTL_Camera_SG,UTL-005,block.utility.camera,Camera,,UTL,Sensing,SG,1×1×1,0.50x0.50x0.50,T1,IND,S,3.0,20,-0.01,construction_component:1; computer:1; glass_panel:1,300,150,60,18,2,2,Shared trim sheet only (no unique maps),1024,back top,,SOCKET_Camera_Front_01,Yaw ±90° | Pitch ±45°,Recording LED,XS,assets/parts/utility/SM_UTL_Camera_SG.blend,export/parts/utility/SM_UTL_Camera_SG.fbx,Not started,,Security-camera housing.
SM_UTL_Antenna_LG,UTL-006,block.utility.antenna,Antenna,,UTL,Comms,LG,1×4×1,2.50x10.00x2.50,T1,IND,M,1500,1500,-2,steel_plate:80; large_tube:40; small_tube:60; construction_component:40; computer:8; radio_component:40,4000,2000,800,240,3,6,Trim sheets + one 1K unique atlas,512,bottom,,SOCKET_Light_Top_01,,Aviation light (red),L,assets/parts/utility/SM_UTL_Antenna_LG.blend,export/parts/utility/SM_UTL_Antenna_LG.fbx,Not started,,Lattice mast with dipoles; the top 20% is thin (LOD1 simplifies it to cards).
SM_UTL_Antenna_SG,UTL-006,block.utility.antenna,Antenna,,UTL,Comms,SG,1×3×1,0.50x1.50x0.50,T1,IND,M,90,150,-0.2,steel_plate:12; large_tube:6; small_tube:9; construction_component:6; computer:1; radio_component:6,1500,750,300,90,3,6,Trim sheets + one 1K unique atlas,1024,bottom,,SOCKET_Light_Top_01,,Aviation light (red),S,assets/parts/utility/SM_UTL_Antenna_SG.blend,export/parts/utility/SM_UTL_Antenna_SG.fbx,Not started,,Lattice mast with dipoles; the top 20% is thin (LOD1 simplifies it to cards).
SM_UTL_LaserAntenna_LG,UTL-007,block.utility.laser_antenna,Laser Antenna,,UTL,Comms,LG,1×1×2,2.50x2.50x5.00,T2,IND,M,900,1200,-5,steel_plate:50; construction_component:40; motor:16; detector_component:30; radio_component:20; computer:50,4000,2000,800,240,3,6,Trim sheets + one 1K unique atlas,512,bottom,,SOCKET_Projector_Front_01,"Head: yaw 360°, pitch 0–90°",Laser beam when linked,M,assets/parts/utility/SM_UTL_LaserAntenna_LG.blend,export/parts/utility/SM_UTL_LaserAntenna_LG.fbx,Not started,,Telescope-like head on a gimbal.
SM_UTL_LaserAntenna_SG,UTL-007,block.utility.laser_antenna,Laser Antenna,,UTL,Comms,SG,1×1×2,0.50x0.50x1.00,T2,IND,M,80,150,-0.5,steel_plate:8; construction_component:6; motor:2; detector_component:4; radio_component:3; computer:8,1500,750,300,90,3,6,Trim sheets + one 1K unique atlas,1024,bottom,,SOCKET_Projector_Front_01,"Head: yaw 360°, pitch 0–90°",Laser beam when linked,S,assets/parts/utility/SM_UTL_LaserAntenna_SG.blend,export/parts/utility/SM_UTL_LaserAntenna_SG.fbx,Not started,,Telescope-like head on a gimbal.
SM_UTL_Beacon_LG,UTL-008,block.utility.beacon,Beacon,,UTL,Comms,LG,1×1×1,2.50x2.50x2.50,T1,IND,S,250,400,-0.5,steel_plate:80; construction_component:30; large_tube:20; computer:10; radio_component:40,800,400,160,48,2,2,Shared trim sheet only (no unique maps),512,bottom,,SOCKET_Light_Top_01,,Pulsing lamp,S,assets/parts/utility/SM_UTL_Beacon_LG.blend,export/parts/utility/SM_UTL_Beacon_LG.fbx,Not started,,Short mast with a glass dome.
SM_UTL_Beacon_SG,UTL-008,block.utility.beacon,Beacon,,UTL,Comms,SG,1×1×1,0.50x0.50x0.50,T1,IND,S,20,60,-0.05,steel_plate:12; construction_component:4; large_tube:3; computer:2; radio_component:6,300,150,60,18,2,2,Shared trim sheet only (no unique maps),1024,bottom,,SOCKET_Light_Top_01,,Pulsing lamp,XS,assets/parts/utility/SM_UTL_Beacon_SG.blend,export/parts/utility/SM_UTL_Beacon_SG.fbx,Not started,,Short mast with a glass dome.
SM_UTL_BeaconRelay_LG,UTL-009,block.utility.beacon_relay,Beacon Relay,,UTL,Comms,LG,1×2×1,2.50x5.00x2.50,T2,IND,M,1800,1500,-50,steel_plate:30; superconductor:6; radio_component:20; computer:10,4000,2000,800,240,3,6,Trim sheets + one 1K unique atlas,512,bottom,,SOCKET_Interact_Front_01 SOCKET_Projector_Top_01,,Relay ring (teal),M,assets/parts/utility/SM_UTL_BeaconRelay_LG.blend,export/parts/utility/SM_UTL_BeaconRelay_LG.fbx,Not started,,Pad with a ring arch the player steps into.
SM_UTL_LandingBeacon_LG,UTL-010,block.utility.landing_beacon,Landing Beacon,,UTL,Comms,LG,1×1×1,2.50x2.50x2.50,T2,IND,S,150,300,-0.5,steel_plate:6; radio_component:4; computer:2,800,400,160,48,2,2,Shared trim sheet only (no unique maps),512,bottom,,SOCKET_Light_Top_01 SOCKET_Light_Top_02 SOCKET_Light_Top_03 SOCKET_Light_Top_04,,Chasing pad lights,S,assets/parts/utility/SM_UTL_LandingBeacon_LG.blend,export/parts/utility/SM_UTL_LandingBeacon_LG.fbx,Not started,,Flat disc with four light posts.
SM_UTL_LandingBeacon_SG,UTL-010,block.utility.landing_beacon,Landing Beacon,,UTL,Comms,SG,1×1×1,0.50x0.50x0.50,T2,IND,S,12,40,-0.05,steel_plate:1; radio_component:1; computer:1,300,150,60,18,2,2,Shared trim sheet only (no unique maps),1024,bottom,,SOCKET_Light_Top_01 SOCKET_Light_Top_02 SOCKET_Light_Top_03 SOCKET_Light_Top_04,,Chasing pad lights,XS,assets/parts/utility/SM_UTL_LandingBeacon_SG.blend,export/parts/utility/SM_UTL_LandingBeacon_SG.fbx,Not started,,Flat disc with four light posts.
SM_UTL_OreDetector_LG,UTL-011,block.utility.ore_detector,Ore Detector,,UTL,Sensing,LG,1×1×1,2.50x2.50x2.50,T1,IND,S,700,900,-2,steel_plate:50; construction_component:40; motor:5; computer:25; detector_component:20,800,400,160,48,2,2,Shared trim sheet only (no unique maps),512,bottom back,,,Sensor dish spins,Scan ring,S,assets/parts/utility/SM_UTL_OreDetector_LG.blend,export/parts/utility/SM_UTL_OreDetector_LG.fbx,Not started,,Dish on a stubby mast.
SM_UTL_OreDetector_SG,UTL-011,block.utility.ore_detector,Ore Detector,,UTL,Sensing,SG,1×1×1,0.50x0.50x0.50,T1,IND,S,40,90,-0.2,steel_plate:8; construction_component:6; motor:1; computer:4; detector_component:3,300,150,60,18,2,2,Shared trim sheet only (no unique maps),1024,bottom back,,,Sensor dish spins,Scan ring,XS,assets/parts/utility/SM_UTL_OreDetector_SG.blend,export/parts/utility/SM_UTL_OreDetector_SG.fbx,Not started,,Dish on a stubby mast.
SM_UTL_ScannerArray_LG,UTL-012,block.utility.scanner_array,Scanner Array,,UTL,Sensing,LG,3×3×3,7.50x7.50x7.50,T2,IND,L,6000,4000,-100,steel_plate:60; girder:40; motor:10; computer:30; detector_component:40; radio_component:20,12000,6000,2400,720,3,12,Trim sheets + one 2K unique atlas,512,bottom,,SOCKET_Interact_Bottom_01,"Dish: yaw 360°, pitch 0–90° | Feed horn",Feed-horn glow,M,assets/parts/utility/SM_UTL_ScannerArray_LG.blend,export/parts/utility/SM_UTL_ScannerArray_LG.fbx,Not started,,Parabolic dish (6 m) on a turret base.
SM_UTL_SignalDecoder_LG,UTL-013,block.utility.signal_decoder,Signal Decoder,,UTL,Sensing,LG,1×1×2,2.50x2.50x5.00,T1,IND,M,600,700,-10,interior_plate:10; computer:12; radio_component:10; display:2,4000,2000,800,240,3,6,Trim sheets + one 1K unique atlas,512,bottom,,SOCKET_Interact_Front_01 SOCKET_Lcd_Front_01 SOCKET_Work_Front_01,,Waveform screen,M,assets/parts/utility/SM_UTL_SignalDecoder_LG.blend,export/parts/utility/SM_UTL_SignalDecoder_LG.fbx,Not started,,Rack of receivers with a big waveform screen and headphones on a hook.
SM_UTL_Projector_LG,UTL-014,block.utility.projector,Projector,,UTL,Construction,LG,1×1×1,2.50x2.50x2.50,T1,IND,M,700,900,-1,interior_plate:21; construction_component:4; large_tube:2; motor:1; computer:2,4000,2000,800,240,3,6,Trim sheets + one 1K unique atlas,512,bottom back,,SOCKET_Projector_Top_01,,Lens,S,assets/parts/utility/SM_UTL_Projector_LG.blend,export/parts/utility/SM_UTL_Projector_LG.fbx,Not started,,Lens dome on a squat base.
SM_UTL_Projector_SG,UTL-014,block.utility.projector,Projector,,UTL,Construction,SG,1×1×1,0.50x0.50x0.50,T1,IND,M,40,90,-0.1,interior_plate:3; construction_component:1; large_tube:1; motor:1; computer:1,1500,750,300,90,3,6,Trim sheets + one 1K unique atlas,1024,bottom back,,SOCKET_Projector_Top_01,,Lens,XS,assets/parts/utility/SM_UTL_Projector_SG.blend,export/parts/utility/SM_UTL_Projector_SG.fbx,Not started,,Lens dome on a squat base.
SM_UTL_DroneBay_LG,UTL-015,block.utility.drone_bay,Drone Bay,,UTL,Construction,LG,3×2×3,7.50x5.00x7.50,T2,IND,L,8000,5000,-60,steel_plate:80; motor:20; computer:30; radio_component:10; construction_component:40,12000,6000,2400,720,3,12,Trim sheets + one 2K unique atlas,512,bottom back,front back left right top bottom,SOCKET_ConveyorLarge_Back_01 SOCKET_Interact_Front_01,Roof doors: split and slide | Drone cradles ×4: rise,Cradle status lights,M,assets/parts/utility/SM_UTL_DroneBay_LG.blend,export/parts/utility/SM_UTL_DroneBay_LG.fbx,Not started,,Four drone cradles; the drones themselves are separate assets (see Equipment).
SM_UTL_WelderArm_LG,UTL-016,block.utility.welder_arm,Welder Arm,,UTL,Ship Tools,LG,1×1×2,2.50x2.50x5.00,T2,IND,M,1400,1500,-20,steel_plate:30; construction_component:30; large_tube:1; motor:2,4000,2000,800,240,3,6,Trim sheets + one 1K unique atlas,512,back,,SOCKET_VfxSparks_Front_01 SOCKET_ConveyorLarge_Back_01,Tip nozzle pulses,,M,assets/parts/utility/SM_UTL_WelderArm_LG.blend,export/parts/utility/SM_UTL_WelderArm_LG.fbx,Not started,,Shares the multitool's weld VFX.
SM_UTL_WelderArm_SG,UTL-016,block.utility.welder_arm,Welder Arm,,UTL,Ship Tools,SG,1×1×2,0.50x0.50x1.00,T2,IND,M,90,150,-2,steel_plate:4; construction_component:4; large_tube:1; motor:1,1500,750,300,90,3,6,Trim sheets + one 1K unique atlas,1024,back,,SOCKET_VfxSparks_Front_01 SOCKET_ConveyorLarge_Back_01,Tip nozzle pulses,,S,assets/parts/utility/SM_UTL_WelderArm_SG.blend,export/parts/utility/SM_UTL_WelderArm_SG.fbx,Not started,,Shares the multitool's weld VFX.
SM_UTL_GrinderArm_LG,UTL-017,block.utility.grinder_arm,Grinder Arm,,UTL,Ship Tools,LG,1×1×2,2.50x2.50x5.00,T2,IND,M,1400,1500,-20,steel_plate:20; construction_component:30; large_tube:1; motor:4,4000,2000,800,240,3,6,Trim sheets + one 1K unique atlas,512,back,,SOCKET_VfxSparks_Front_01 SOCKET_ConveyorLarge_Back_01,Saw disc spins,,M,assets/parts/utility/SM_UTL_GrinderArm_LG.blend,export/parts/utility/SM_UTL_GrinderArm_LG.fbx,Not started,,Circular saw head.
SM_UTL_GrinderArm_SG,UTL-017,block.utility.grinder_arm,Grinder Arm,,UTL,Ship Tools,SG,1×1×2,0.50x0.50x1.00,T2,IND,M,90,150,-2,steel_plate:3; construction_component:4; large_tube:1; motor:1,1500,750,300,90,3,6,Trim sheets + one 1K unique atlas,1024,back,,SOCKET_VfxSparks_Front_01 SOCKET_ConveyorLarge_Back_01,Saw disc spins,,S,assets/parts/utility/SM_UTL_GrinderArm_SG.blend,export/parts/utility/SM_UTL_GrinderArm_SG.fbx,Not started,,Circular saw head.
SM_UTL_Drill_LG,UTL-018,block.utility.drill,Drill,,UTL,Ship Tools,LG,3×3×4,7.50x7.50x10.00,T2,IND,L,22000,8000,-2000,steel_plate:300; construction_component:40; large_tube:12; motor:5; computer:5,12000,6000,2400,720,3,12,Trim sheets + one 2K unique atlas,512,back,,SOCKET_VfxSparks_Front_01 SOCKET_ConveyorLarge_Back_01 SOCKET_ItemIn_Front_01,Drill head spins | Cutter teeth,,L,assets/parts/utility/SM_UTL_Drill_LG.blend,export/parts/utility/SM_UTL_Drill_LG.fbx,Not started,,Conical head with cutter teeth; the mining sphere is 2× the head size.
SM_UTL_Drill_SG,UTL-018,block.utility.drill,Drill,,UTL,Ship Tools,SG,1×1×3,0.50x0.50x1.50,T2,IND,L,800,700,-150,steel_plate:45; construction_component:6; large_tube:2; motor:1; computer:1,5000,2500,1000,300,3,12,Trim sheets + one 2K unique atlas,1024,back,,SOCKET_VfxSparks_Front_01 SOCKET_ConveyorLarge_Back_01 SOCKET_ItemIn_Front_01,Drill head spins | Cutter teeth,,S,assets/parts/utility/SM_UTL_Drill_SG.blend,export/parts/utility/SM_UTL_Drill_SG.fbx,Not started,,Conical head with cutter teeth; the mining sphere is 2× the head size.
SM_UTL_SuitStation_LG,UTL-019,block.utility.suit_station,Suit Station,,UTL,Service,LG,1×1×1,2.50x2.50x2.50,T1,IND,M,300,600,-20,interior_plate:6; small_tube:4; power_cell:2; computer:2,4000,2000,800,240,3,6,Trim sheets + one 1K unique atlas,512,back,,SOCKET_Interact_Front_01 SOCKET_Air_Back_01 SOCKET_Fuel_Back_01,Hose reels ×2,Refill gauges ×3,S,assets/parts/utility/SM_UTL_SuitStation_LG.blend,export/parts/utility/SM_UTL_SuitStation_LG.fbx,Not started,,"Wall unit with two hoses and three gauges (O₂ blue, H₂ red, energy yellow)."
SM_UTL_SuitStation_SG,UTL-019,block.utility.suit_station,Suit Station,,UTL,Service,SG,1×1×1,0.50x0.50x0.50,T1,IND,M,30,80,-2,interior_plate:1; small_tube:1; power_cell:1; computer:1,1500,750,300,90,3,6,Trim sheets + one 1K unique atlas,1024,back,,SOCKET_Interact_Front_01 SOCKET_Air_Back_01 SOCKET_Fuel_Back_01,Hose reels ×2,Refill gauges ×3,XS,assets/parts/utility/SM_UTL_SuitStation_SG.blend,export/parts/utility/SM_UTL_SuitStation_SG.fbx,Not started,,"Wall unit with two hoses and three gauges (O₂ blue, H₂ red, energy yellow)."
SM_SOW_SowerJumpCore_LG,SOW-001,block.precursor.sower_jump_core,Sower Jump Core,,SOW,Drives,LG,3×3×5,7.50x7.50x12.50,T4,SOW,XL,60000,12000,-50000,sower_filament:60; resonance_crystal:40; superconductor:200; steel_plate:300,40000,20000,8000,2400,4,24,4K unique texture set + trim sheets,512,front back left right top bottom,front back left right top bottom,SOCKET_Interact_Left_01 SOCKET_Work_Left_01 SOCKET_VfxExhaust_Center_01,"Nested rings ×3: rotate on different axes, speed with charge | Core petals: open during a jump",Glyph bands (teal) | Core light (white → violet during a jump),L,assets/parts/precursor/SM_SOW_SowerJumpCore_LG.blend,export/parts/precursor/SM_SOW_SowerJumpCore_LG.fbx,Not started,,"Sower modeling rules (chapter 19): no straight edges longer than 0.5 m, ribbed and shell-like surfaces, bioluminescent teal glyph emissives with a slow 'breathing' pulse. The most important hero asset in the parts list. Human mounting cradle (Industrial) is a separate mesh around it."
SM_SOW_LoomNode_LG,SOW-002,block.precursor.loom_node,Loom Node,,SOW,Fabrication,LG,2×2×2,5.00x5.00x5.00,T4,SOW,L,12000,6000,-2000,sower_filament:30; resonance_crystal:10; medical_component:20,12000,6000,2400,720,3,12,Trim sheets + one 2K unique atlas,512,bottom,,SOCKET_Work_Front_01 SOCKET_Interact_Front_01 SOCKET_ItemOut_Front_01,Weaving filaments: animated (vertex animation texture),Filament glow,M,assets/parts/precursor/SM_SOW_LoomNode_LG.blend,export/parts/precursor/SM_SOW_LoomNode_LG.fbx,Not started,,"Sower modeling rules (chapter 19): no straight edges longer than 0.5 m, ribbed and shell-like surfaces, bioluminescent teal glyph emissives with a slow 'breathing' pulse. A cradle of filaments weaving in the air above a shell basin."
SM_SOW_ResonanceCell_LG,SOW-003,block.precursor.resonance_cell,Resonance Cell,,SOW,Power,LG,2×2×2,5.00x5.00x5.00,T4,SOW,L,15000,5000,150000,sower_filament:40; resonance_crystal:20; superconductor:60,12000,6000,2400,720,3,12,Trim sheets + one 2K unique atlas,512,front back left right top bottom,front back left right top bottom,SOCKET_ConveyorLarge_Bottom_01,Crystal core: slow rotation,Crystal glow (teal),M,assets/parts/precursor/SM_SOW_ResonanceCell_LG.blend,export/parts/precursor/SM_SOW_ResonanceCell_LG.fbx,Not started,,"Sower modeling rules (chapter 19): no straight edges longer than 0.5 m, ribbed and shell-like surfaces, bioluminescent teal glyph emissives with a slow 'breathing' pulse. A pulsing crystal inside a shell lattice."
SM_SOW_ResonanceAmplifier_LG,SOW-004,block.precursor.resonance_amplifier,Resonance Amplifier,,SOW,Utility,LG,1×2×1,2.50x5.00x2.50,T4,SOW,M,6000,3000,-5000,sower_filament:20; resonance_crystal:8,4000,2000,800,240,3,6,Trim sheets + one 1K unique atlas,512,bottom,,,Fins fan open,Glyph fins,M,assets/parts/precursor/SM_SOW_ResonanceAmplifier_LG.blend,export/parts/precursor/SM_SOW_ResonanceAmplifier_LG.fbx,Not started,,"Sower modeling rules (chapter 19): no straight edges longer than 0.5 m, ribbed and shell-like surfaces, bioluminescent teal glyph emissives with a slow 'breathing' pulse."
SM_SOW_GlyphLockDoor_LG,SOW-005,block.precursor.glyph_lock_door,Glyph-Lock Door,,SOW,Access,LG,1×1×1,2.50x2.50x2.50,T4,SOW,M,3000,6000,-1,sower_filament:10; steel_plate:20,4000,2000,800,240,3,6,Trim sheets + one 1K unique atlas,512,front back left right top bottom,front back left right top bottom,SOCKET_Interact_Front_01 SOCKET_Door_Center_01,"Iris petals ×8: rotate open, 1.2 s",Glyph ring (teal),S,assets/parts/precursor/SM_SOW_GlyphLockDoor_LG.blend,export/parts/precursor/SM_SOW_GlyphLockDoor_LG.fbx,Not started,,"Sower modeling rules (chapter 19): no straight edges longer than 0.5 m, ribbed and shell-like surfaces, bioluminescent teal glyph emissives with a slow 'breathing' pulse."
SM_SOW_LivingHull_Block_LG,SOW-006,block.precursor.living_hull,Living Hull,Block,SOW,Structure,LG,1×1×1,2.50x2.50x2.50,T5,SOW,S,700,2400,0,living_alloy:20,800,400,160,48,2,2,Shared trim sheet only (no unique maps),512,front back left right top bottom,front back left right top bottom,,,Vein glow when repairing,S,assets/parts/precursor/SM_SOW_LivingHull_Block_LG.blend,export/parts/precursor/SM_SOW_LivingHull_Block_LG.fbx,Not started,,"Sower modeling rules (chapter 19): no straight edges longer than 0.5 m, ribbed and shell-like surfaces, bioluminescent teal glyph emissives with a slow 'breathing' pulse. Must tile like armor despite organic surfaces: flat mating faces with an organic outer skin."
SM_SOW_LivingHull_Block_SG,SOW-006,block.precursor.living_hull,Living Hull,Block,SOW,Structure,SG,1×1×1,0.50x0.50x0.50,T5,SOW,S,30,100,0,living_alloy:1,300,150,60,18,2,2,Shared trim sheet only (no unique maps),1024,front back left right top bottom,front back left right top bottom,,,Vein glow when repairing,XS,assets/parts/precursor/SM_SOW_LivingHull_Block_SG.blend,export/parts/precursor/SM_SOW_LivingHull_Block_SG.fbx,Not started,,"Sower modeling rules (chapter 19): no straight edges longer than 0.5 m, ribbed and shell-like surfaces, bioluminescent teal glyph emissives with a slow 'breathing' pulse. Must tile like armor despite organic surfaces: flat mating faces with an organic outer skin."
SM_SOW_LivingHull_Slope_LG,SOW-006,block.precursor.living_hull,Living Hull,Slope,SOW,Structure,LG,1×1×1,2.50x2.50x2.50,T5,SOW,S,350,1200,0,living_alloy:10,800,400,160,48,2,2,Shared trim sheet only (no unique maps),512,front back left right top bottom,front back left right top bottom,,,Vein glow when repairing,S,assets/parts/precursor/SM_SOW_LivingHull_Slope_LG.blend,export/parts/precursor/SM_SOW_LivingHull_Slope_LG.fbx,Not started,,"Sower modeling rules (chapter 19): no straight edges longer than 0.5 m, ribbed and shell-like surfaces, bioluminescent teal glyph emissives with a slow 'breathing' pulse. Must tile like armor despite organic surfaces: flat mating faces with an organic outer skin."
SM_SOW_LivingHull_Slope_SG,SOW-006,block.precursor.living_hull,Living Hull,Slope,SOW,Structure,SG,1×1×1,0.50x0.50x0.50,T5,SOW,S,15,50,0,living_alloy:1,300,150,60,18,2,2,Shared trim sheet only (no unique maps),1024,front back left right top bottom,front back left right top bottom,,,Vein glow when repairing,XS,assets/parts/precursor/SM_SOW_LivingHull_Slope_SG.blend,export/parts/precursor/SM_SOW_LivingHull_Slope_SG.fbx,Not started,,"Sower modeling rules (chapter 19): no straight edges longer than 0.5 m, ribbed and shell-like surfaces, bioluminescent teal glyph emissives with a slow 'breathing' pulse. Must tile like armor despite organic surfaces: flat mating faces with an organic outer skin."
SM_SOW_LivingHull_Corner_LG,SOW-006,block.precursor.living_hull,Living Hull,Corner,SOW,Structure,LG,1×1×1,2.50x2.50x2.50,T5,SOW,S,119,408,0,living_alloy:3,800,400,160,48,2,2,Shared trim sheet only (no unique maps),512,front back left right top bottom,front back left right top bottom,,,Vein glow when repairing,S,assets/parts/precursor/SM_SOW_LivingHull_Corner_LG.blend,export/parts/precursor/SM_SOW_LivingHull_Corner_LG.fbx,Not started,,"Sower modeling rules (chapter 19): no straight edges longer than 0.5 m, ribbed and shell-like surfaces, bioluminescent teal glyph emissives with a slow 'breathing' pulse. Must tile like armor despite organic surfaces: flat mating faces with an organic outer skin."
SM_SOW_LivingHull_Corner_SG,SOW-006,block.precursor.living_hull,Living Hull,Corner,SOW,Structure,SG,1×1×1,0.50x0.50x0.50,T5,SOW,S,5.1,17,0,living_alloy:1,300,150,60,18,2,2,Shared trim sheet only (no unique maps),1024,front back left right top bottom,front back left right top bottom,,,Vein glow when repairing,XS,assets/parts/precursor/SM_SOW_LivingHull_Corner_SG.blend,export/parts/precursor/SM_SOW_LivingHull_Corner_SG.fbx,Not started,,"Sower modeling rules (chapter 19): no straight edges longer than 0.5 m, ribbed and shell-like surfaces, bioluminescent teal glyph emissives with a slow 'breathing' pulse. Must tile like armor despite organic surfaces: flat mating faces with an organic outer skin."
SM_SOW_BloomGrownWall_LG,SOW-007,block.precursor.bloom_grown_wall,Bloom-Grown Wall,,SOW,Structure,LG,1×1×1,2.50x2.50x2.50,T5,SOW,S,500,2000,0,organics:30; sower_filament:2,800,400,160,48,2,2,Shared trim sheet only (no unique maps),512,front back left right top bottom,front back left right top bottom,,,Soft bioluminescent spots,S,assets/parts/precursor/SM_SOW_BloomGrownWall_LG.blend,export/parts/precursor/SM_SOW_BloomGrownWall_LG.fbx,Not started,,"Sower modeling rules (chapter 19): no straight edges longer than 0.5 m, ribbed and shell-like surfaces, bioluminescent teal glyph emissives with a slow 'breathing' pulse. Green-and-violet Bloom surfaces instead of teal; clearly 'tamed' (flowers, not fungus)."
